,0,1,2,3,4,null
0,1,1,1,1,1,0
1,1,1,1,1,2,0
2,1,1,1,1,3,0
3,1,1,1,1,4,0
4,1,1,1,1,5,0
5,1,1,1,2,1,0
6,1,1,1,2,2,0
7,1,1,1,2,3,0
8,1,1,1,2,4,0
9,1,1,1,2,5,0
10,1,1,1,3,1,0
11,1,1,1,3,2,0
12,1,1,1,3,3,0
13,1,1,1,3,4,0
14,1,1,1,3,5,0
15,1,1,1,4,1,0
16,1,1,1,4,2,0
17,1,1,1,4,3,0
18,1,1,1,4,4,0
19,1,1,1,4,5,0
20,1,1,1,5,1,0
21,1,1,1,5,2,0
22,1,1,1,5,3,0
23,1,1,1,5,4,0
24,1,1,1,5,5,0
25,1,1,2,1,1,0
26,1,1,2,1,2,0
27,1,1,2,1,3,0
28,1,1,2,1,4,0
29,1,1,2,1,5,0
30,1,1,2,2,1,0
31,1,1,2,2,2,0
32,1,1,2,2,3,0
33,1,1,2,2,4,0
34,1,1,2,2,5,0
35,1,1,2,3,1,0
36,1,1,2,3,2,0
37,1,1,2,3,3,0
38,1,1,2,3,4,0
39,1,1,2,3,5,0
40,1,1,2,4,1,0
41,1,1,2,4,2,0
42,1,1,2,4,3,0
43,1,1,2,4,4,0
44,1,1,2,4,5,0
45,1,1,2,5,1,0
46,1,1,2,5,2,0
47,1,1,2,5,3,0
48,1,1,2,5,4,0
49,1,1,2,5,5,0
50,1,1,3,1,1,0
51,1,1,3,1,2,0
52,1,1,3,1,3,0
53,1,1,3,1,4,0
54,1,1,3,1,5,0
55,1,1,3,2,1,0
56,1,1,3,2,2,0
57,1,1,3,2,3,0
58,1,1,3,2,4,0
59,1,1,3,2,5,0
60,1,1,3,3,1,0
61,1,1,3,3,2,0
62,1,1,3,3,3,0
63,1,1,3,3,4,0
64,1,1,3,3,5,0
65,1,1,3,4,1,0
66,1,1,3,4,2,0
67,1,1,3,4,3,0
68,1,1,3,4,4,0
69,1,1,3,4,5,0
70,1,1,3,5,1,0
71,1,1,3,5,2,0
72,1,1,3,5,3,0
73,1,1,3,5,4,0
74,1,1,3,5,5,0
75,1,1,4,1,1,1
76,1,1,4,1,2,0
77,1,1,4,1,3,0
78,1,1,4,1,4,0
79,1,1,4,1,5,0
80,1,1,4,2,1,0
81,1,1,4,2,2,0
82,1,1,4,2,3,0
83,1,1,4,2,4,0
84,1,1,4,2,5,0
85,1,1,4,3,1,0
86,1,1,4,3,2,0
87,1,1,4,3,3,0
88,1,1,4,3,4,0
89,1,1,4,3,5,0
90,1,1,4,4,1,0
91,1,1,4,4,2,0
92,1,1,4,4,3,0
93,1,1,4,4,4,0
94,1,1,4,4,5,0
95,1,1,4,5,1,0
96,1,1,4,5,2,0
97,1,1,4,5,3,0
98,1,1,4,5,4,0
99,1,1,4,5,5,0
100,1,1,5,1,1,1
101,1,1,5,1,2,0
102,1,1,5,1,3,0
103,1,1,5,1,4,0
104,1,1,5,1,5,0
105,1,1,5,2,1,1
106,1,1,5,2,2,0
107,1,1,5,2,3,0
108,1,1,5,2,4,0
109,1,1,5,2,5,0
110,1,1,5,3,1,0
111,1,1,5,3,2,0
112,1,1,5,3,3,0
113,1,1,5,3,4,0
114,1,1,5,3,5,0
115,1,1,5,4,1,0
116,1,1,5,4,2,0
117,1,1,5,4,3,0
118,1,1,5,4,4,0
119,1,1,5,4,5,0
120,1,1,5,5,1,0
121,1,1,5,5,2,0
122,1,1,5,5,3,0
123,1,1,5,5,4,0
124,1,1,5,5,5,0
125,1,2,1,1,1,0
126,1,2,1,1,2,0
127,1,2,1,1,3,0
128,1,2,1,1,4,0
129,1,2,1,1,5,0
130,1,2,1,2,1,0
131,1,2,1,2,2,0
132,1,2,1,2,3,0
133,1,2,1,2,4,0
134,1,2,1,2,5,0
135,1,2,1,3,1,0
136,1,2,1,3,2,0
137,1,2,1,3,3,0
138,1,2,1,3,4,0
139,1,2,1,3,5,0
140,1,2,1,4,1,0
141,1,2,1,4,2,0
142,1,2,1,4,3,0
143,1,2,1,4,4,0
144,1,2,1,4,5,0
145,1,2,1,5,1,0
146,1,2,1,5,2,0
147,1,2,1,5,3,0
148,1,2,1,5,4,0
149,1,2,1,5,5,0
150,1,2,2,1,1,0
151,1,2,2,1,2,0
152,1,2,2,1,3,0
153,1,2,2,1,4,0
154,1,2,2,1,5,0
155,1,2,2,2,1,0
156,1,2,2,2,2,0
157,1,2,2,2,3,0
158,1,2,2,2,4,0
159,1,2,2,2,5,0
160,1,2,2,3,1,0
161,1,2,2,3,2,0
162,1,2,2,3,3,0
163,1,2,2,3,4,0
164,1,2,2,3,5,0
165,1,2,2,4,1,0
166,1,2,2,4,2,0
167,1,2,2,4,3,0
168,1,2,2,4,4,0
169,1,2,2,4,5,0
170,1,2,2,5,1,0
171,1,2,2,5,2,0
172,1,2,2,5,3,0
173,1,2,2,5,4,0
174,1,2,2,5,5,0
175,1,2,3,1,1,0
176,1,2,3,1,2,0
177,1,2,3,1,3,0
178,1,2,3,1,4,0
179,1,2,3,1,5,0
180,1,2,3,2,1,0
181,1,2,3,2,2,0
182,1,2,3,2,3,0
183,1,2,3,2,4,0
184,1,2,3,2,5,0
185,1,2,3,3,1,0
186,1,2,3,3,2,0
187,1,2,3,3,3,0
188,1,2,3,3,4,0
189,1,2,3,3,5,0
190,1,2,3,4,1,0
191,1,2,3,4,2,0
192,1,2,3,4,3,0
193,1,2,3,4,4,0
194,1,2,3,4,5,0
195,1,2,3,5,1,0
196,1,2,3,5,2,0
197,1,2,3,5,3,0
198,1,2,3,5,4,0
199,1,2,3,5,5,0
200,1,2,4,1,1,1
201,1,2,4,1,2,0
202,1,2,4,1,3,0
203,1,2,4,1,4,0
204,1,2,4,1,5,0
205,1,2,4,2,1,0
206,1,2,4,2,2,0
207,1,2,4,2,3,0
208,1,2,4,2,4,0
209,1,2,4,2,5,0
210,1,2,4,3,1,0
211,1,2,4,3,2,0
212,1,2,4,3,3,0
213,1,2,4,3,4,0
214,1,2,4,3,5,0
215,1,2,4,4,1,0
216,1,2,4,4,2,0
217,1,2,4,4,3,0
218,1,2,4,4,4,0
219,1,2,4,4,5,0
220,1,2,4,5,1,0
221,1,2,4,5,2,0
222,1,2,4,5,3,0
223,1,2,4,5,4,0
224,1,2,4,5,5,0
225,1,2,5,1,1,1
226,1,2,5,1,2,0
227,1,2,5,1,3,0
228,1,2,5,1,4,0
229,1,2,5,1,5,0
230,1,2,5,2,1,1
231,1,2,5,2,2,0
232,1,2,5,2,3,0
233,1,2,5,2,4,0
234,1,2,5,2,5,0
235,1,2,5,3,1,0
236,1,2,5,3,2,0
237,1,2,5,3,3,0
238,1,2,5,3,4,0
239,1,2,5,3,5,0
240,1,2,5,4,1,0
241,1,2,5,4,2,0
242,1,2,5,4,3,0
243,1,2,5,4,4,0
244,1,2,5,4,5,0
245,1,2,5,5,1,0
246,1,2,5,5,2,0
247,1,2,5,5,3,0
248,1,2,5,5,4,0
249,1,2,5,5,5,0
250,1,3,1,1,1,0
251,1,3,1,1,2,0
252,1,3,1,1,3,0
253,1,3,1,1,4,0
254,1,3,1,1,5,0
255,1,3,1,2,1,0
256,1,3,1,2,2,0
257,1,3,1,2,3,0
258,1,3,1,2,4,0
259,1,3,1,2,5,0
260,1,3,1,3,1,0
261,1,3,1,3,2,0
262,1,3,1,3,3,0
263,1,3,1,3,4,0
264,1,3,1,3,5,0
265,1,3,1,4,1,0
266,1,3,1,4,2,0
267,1,3,1,4,3,0
268,1,3,1,4,4,0
269,1,3,1,4,5,0
270,1,3,1,5,1,0
271,1,3,1,5,2,0
272,1,3,1,5,3,0
273,1,3,1,5,4,0
274,1,3,1,5,5,0
275,1,3,2,1,1,0
276,1,3,2,1,2,0
277,1,3,2,1,3,0
278,1,3,2,1,4,0
279,1,3,2,1,5,0
280,1,3,2,2,1,0
281,1,3,2,2,2,0
282,1,3,2,2,3,0
283,1,3,2,2,4,0
284,1,3,2,2,5,0
285,1,3,2,3,1,0
286,1,3,2,3,2,0
287,1,3,2,3,3,0
288,1,3,2,3,4,0
289,1,3,2,3,5,0
290,1,3,2,4,1,0
291,1,3,2,4,2,0
292,1,3,2,4,3,0
293,1,3,2,4,4,0
294,1,3,2,4,5,0
295,1,3,2,5,1,0
296,1,3,2,5,2,0
297,1,3,2,5,3,0
298,1,3,2,5,4,0
299,1,3,2,5,5,0
300,1,3,3,1,1,1
301,1,3,3,1,2,0
302,1,3,3,1,3,0
303,1,3,3,1,4,0
304,1,3,3,1,5,0
305,1,3,3,2,1,0
306,1,3,3,2,2,0
307,1,3,3,2,3,0
308,1,3,3,2,4,0
309,1,3,3,2,5,0
310,1,3,3,3,1,0
311,1,3,3,3,2,0
312,1,3,3,3,3,0
313,1,3,3,3,4,0
314,1,3,3,3,5,0
315,1,3,3,4,1,0
316,1,3,3,4,2,0
317,1,3,3,4,3,0
318,1,3,3,4,4,0
319,1,3,3,4,5,0
320,1,3,3,5,1,0
321,1,3,3,5,2,0
322,1,3,3,5,3,0
323,1,3,3,5,4,0
324,1,3,3,5,5,0
325,1,3,4,1,1,1
326,1,3,4,1,2,0
327,1,3,4,1,3,0
328,1,3,4,1,4,0
329,1,3,4,1,5,0
330,1,3,4,2,1,0
331,1,3,4,2,2,0
332,1,3,4,2,3,0
333,1,3,4,2,4,0
334,1,3,4,2,5,0
335,1,3,4,3,1,0
336,1,3,4,3,2,0
337,1,3,4,3,3,0
338,1,3,4,3,4,0
339,1,3,4,3,5,0
340,1,3,4,4,1,0
341,1,3,4,4,2,0
342,1,3,4,4,3,0
343,1,3,4,4,4,0
344,1,3,4,4,5,0
345,1,3,4,5,1,0
346,1,3,4,5,2,0
347,1,3,4,5,3,0
348,1,3,4,5,4,0
349,1,3,4,5,5,0
350,1,3,5,1,1,1
351,1,3,5,1,2,0
352,1,3,5,1,3,0
353,1,3,5,1,4,0
354,1,3,5,1,5,0
355,1,3,5,2,1,1
356,1,3,5,2,2,0
357,1,3,5,2,3,0
358,1,3,5,2,4,0
359,1,3,5,2,5,0
360,1,3,5,3,1,1
361,1,3,5,3,2,0
362,1,3,5,3,3,0
363,1,3,5,3,4,0
364,1,3,5,3,5,0
365,1,3,5,4,1,1
366,1,3,5,4,2,0
367,1,3,5,4,3,0
368,1,3,5,4,4,0
369,1,3,5,4,5,0
370,1,3,5,5,1,1
371,1,3,5,5,2,0
372,1,3,5,5,3,0
373,1,3,5,5,4,0
374,1,3,5,5,5,0
375,1,4,1,1,1,1
376,1,4,1,1,2,1
377,1,4,1,1,3,1
378,1,4,1,1,4,1
379,1,4,1,1,5,1
380,1,4,1,2,1,1
381,1,4,1,2,2,1
382,1,4,1,2,3,1
383,1,4,1,2,4,1
384,1,4,1,2,5,1
385,1,4,1,3,1,1
386,1,4,1,3,2,0
387,1,4,1,3,3,0
388,1,4,1,3,4,0
389,1,4,1,3,5,1
390,1,4,1,4,1,1
391,1,4,1,4,2,0
392,1,4,1,4,3,0
393,1,4,1,4,4,0
394,1,4,1,4,5,1
395,1,4,1,5,1,1
396,1,4,1,5,2,0
397,1,4,1,5,3,0
398,1,4,1,5,4,0
399,1,4,1,5,5,1
400,1,4,2,1,1,1
401,1,4,2,1,2,1
402,1,4,2,1,3,1
403,1,4,2,1,4,1
404,1,4,2,1,5,1
405,1,4,2,2,1,1
406,1,4,2,2,2,1
407,1,4,2,2,3,1
408,1,4,2,2,4,1
409,1,4,2,2,5,1
410,1,4,2,3,1,1
411,1,4,2,3,2,0
412,1,4,2,3,3,0
413,1,4,2,3,4,0
414,1,4,2,3,5,1
415,1,4,2,4,1,1
416,1,4,2,4,2,0
417,1,4,2,4,3,0
418,1,4,2,4,4,0
419,1,4,2,4,5,1
420,1,4,2,5,1,1
421,1,4,2,5,2,0
422,1,4,2,5,3,0
423,1,4,2,5,4,0
424,1,4,2,5,5,1
425,1,4,3,1,1,1
426,1,4,3,1,2,1
427,1,4,3,1,3,1
428,1,4,3,1,4,1
429,1,4,3,1,5,1
430,1,4,3,2,1,1
431,1,4,3,2,2,1
432,1,4,3,2,3,1
433,1,4,3,2,4,1
434,1,4,3,2,5,1
435,1,4,3,3,1,1
436,1,4,3,3,2,1
437,1,4,3,3,3,1
438,1,4,3,3,4,1
439,1,4,3,3,5,1
440,1,4,3,4,1,1
441,1,4,3,4,2,1
442,1,4,3,4,3,1
443,1,4,3,4,4,1
444,1,4,3,4,5,1
445,1,4,3,5,1,1
446,1,4,3,5,2,1
447,1,4,3,5,3,1
448,1,4,3,5,4,1
449,1,4,3,5,5,1
450,1,4,4,1,1,1
451,1,4,4,1,2,1
452,1,4,4,1,3,1
453,1,4,4,1,4,0
454,1,4,4,1,5,0
455,1,4,4,2,1,1
456,1,4,4,2,2,1
457,1,4,4,2,3,1
458,1,4,4,2,4,0
459,1,4,4,2,5,0
460,1,4,4,3,1,1
461,1,4,4,3,2,1
462,1,4,4,3,3,1
463,1,4,4,3,4,1
464,1,4,4,3,5,1
465,1,4,4,4,1,1
466,1,4,4,4,2,1
467,1,4,4,4,3,1
468,1,4,4,4,4,1
469,1,4,4,4,5,1
470,1,4,4,5,1,1
471,1,4,4,5,2,1
472,1,4,4,5,3,1
473,1,4,4,5,4,1
474,1,4,4,5,5,1
475,1,4,5,1,1,1
476,1,4,5,1,2,1
477,1,4,5,1,3,1
478,1,4,5,1,4,0
479,1,4,5,1,5,0
480,1,4,5,2,1,1
481,1,4,5,2,2,1
482,1,4,5,2,3,1
483,1,4,5,2,4,0
484,1,4,5,2,5,0
485,1,4,5,3,1,1
486,1,4,5,3,2,1
487,1,4,5,3,3,1
488,1,4,5,3,4,1
489,1,4,5,3,5,1
490,1,4,5,4,1,1
491,1,4,5,4,2,1
492,1,4,5,4,3,1
493,1,4,5,4,4,1
494,1,4,5,4,5,1
495,1,4,5,5,1,1
496,1,4,5,5,2,1
497,1,4,5,5,3,1
498,1,4,5,5,4,1
499,1,4,5,5,5,1
500,1,5,1,1,1,1
501,1,5,1,1,2,1
502,1,5,1,1,3,1
503,1,5,1,1,4,1
504,1,5,1,1,5,1
505,1,5,1,2,1,1
506,1,5,1,2,2,1
507,1,5,1,2,3,1
508,1,5,1,2,4,1
509,1,5,1,2,5,1
510,1,5,1,3,1,1
511,1,5,1,3,2,1
512,1,5,1,3,3,1
513,1,5,1,3,4,1
514,1,5,1,3,5,1
515,1,5,1,4,1,1
516,1,5,1,4,2,1
517,1,5,1,4,3,1
518,1,5,1,4,4,1
519,1,5,1,4,5,1
520,1,5,1,5,1,1
521,1,5,1,5,2,1
522,1,5,1,5,3,1
523,1,5,1,5,4,1
524,1,5,1,5,5,1
525,1,5,2,1,1,1
526,1,5,2,1,2,1
527,1,5,2,1,3,1
528,1,5,2,1,4,1
529,1,5,2,1,5,1
530,1,5,2,2,1,1
531,1,5,2,2,2,1
532,1,5,2,2,3,1
533,1,5,2,2,4,1
534,1,5,2,2,5,1
535,1,5,2,3,1,1
536,1,5,2,3,2,1
537,1,5,2,3,3,1
538,1,5,2,3,4,1
539,1,5,2,3,5,1
540,1,5,2,4,1,1
541,1,5,2,4,2,1
542,1,5,2,4,3,1
543,1,5,2,4,4,1
544,1,5,2,4,5,1
545,1,5,2,5,1,1
546,1,5,2,5,2,1
547,1,5,2,5,3,1
548,1,5,2,5,4,1
549,1,5,2,5,5,1
550,1,5,3,1,1,1
551,1,5,3,1,2,1
552,1,5,3,1,3,1
553,1,5,3,1,4,1
554,1,5,3,1,5,1
555,1,5,3,2,1,1
556,1,5,3,2,2,1
557,1,5,3,2,3,1
558,1,5,3,2,4,1
559,1,5,3,2,5,1
560,1,5,3,3,1,1
561,1,5,3,3,2,1
562,1,5,3,3,3,1
563,1,5,3,3,4,1
564,1,5,3,3,5,1
565,1,5,3,4,1,1
566,1,5,3,4,2,1
567,1,5,3,4,3,1
568,1,5,3,4,4,1
569,1,5,3,4,5,1
570,1,5,3,5,1,1
571,1,5,3,5,2,1
572,1,5,3,5,3,1
573,1,5,3,5,4,1
574,1,5,3,5,5,1
575,1,5,4,1,1,1
576,1,5,4,1,2,1
577,1,5,4,1,3,1
578,1,5,4,1,4,1
579,1,5,4,1,5,1
580,1,5,4,2,1,1
581,1,5,4,2,2,1
582,1,5,4,2,3,1
583,1,5,4,2,4,1
584,1,5,4,2,5,1
585,1,5,4,3,1,1
586,1,5,4,3,2,1
587,1,5,4,3,3,1
588,1,5,4,3,4,1
589,1,5,4,3,5,1
590,1,5,4,4,1,1
591,1,5,4,4,2,1
592,1,5,4,4,3,1
593,1,5,4,4,4,1
594,1,5,4,4,5,1
595,1,5,4,5,1,1
596,1,5,4,5,2,1
597,1,5,4,5,3,1
598,1,5,4,5,4,1
599,1,5,4,5,5,1
600,1,5,5,1,1,1
601,1,5,5,1,2,1
602,1,5,5,1,3,1
603,1,5,5,1,4,1
604,1,5,5,1,5,1
605,1,5,5,2,1,1
606,1,5,5,2,2,1
607,1,5,5,2,3,1
608,1,5,5,2,4,1
609,1,5,5,2,5,1
610,1,5,5,3,1,1
611,1,5,5,3,2,1
612,1,5,5,3,3,1
613,1,5,5,3,4,1
614,1,5,5,3,5,1
615,1,5,5,4,1,1
616,1,5,5,4,2,1
617,1,5,5,4,3,1
618,1,5,5,4,4,1
619,1,5,5,4,5,1
620,1,5,5,5,1,1
621,1,5,5,5,2,1
622,1,5,5,5,3,1
623,1,5,5,5,4,1
624,1,5,5,5,5,1
625,2,1,1,1,1,0
626,2,1,1,1,2,0
627,2,1,1,1,3,0
628,2,1,1,1,4,0
629,2,1,1,1,5,0
630,2,1,1,2,1,0
631,2,1,1,2,2,0
632,2,1,1,2,3,0
633,2,1,1,2,4,0
634,2,1,1,2,5,0
635,2,1,1,3,1,0
636,2,1,1,3,2,0
637,2,1,1,3,3,0
638,2,1,1,3,4,0
639,2,1,1,3,5,0
640,2,1,1,4,1,0
641,2,1,1,4,2,0
642,2,1,1,4,3,0
643,2,1,1,4,4,0
644,2,1,1,4,5,0
645,2,1,1,5,1,0
646,2,1,1,5,2,0
647,2,1,1,5,3,0
648,2,1,1,5,4,0
649,2,1,1,5,5,0
650,2,1,2,1,1,0
651,2,1,2,1,2,0
652,2,1,2,1,3,0
653,2,1,2,1,4,0
654,2,1,2,1,5,0
655,2,1,2,2,1,0
656,2,1,2,2,2,0
657,2,1,2,2,3,0
658,2,1,2,2,4,0
659,2,1,2,2,5,0
660,2,1,2,3,1,0
661,2,1,2,3,2,0
662,2,1,2,3,3,0
663,2,1,2,3,4,0
664,2,1,2,3,5,0
665,2,1,2,4,1,0
666,2,1,2,4,2,0
667,2,1,2,4,3,0
668,2,1,2,4,4,0
669,2,1,2,4,5,0
670,2,1,2,5,1,0
671,2,1,2,5,2,0
672,2,1,2,5,3,0
673,2,1,2,5,4,0
674,2,1,2,5,5,0
675,2,1,3,1,1,0
676,2,1,3,1,2,0
677,2,1,3,1,3,0
678,2,1,3,1,4,0
679,2,1,3,1,5,0
680,2,1,3,2,1,0
681,2,1,3,2,2,0
682,2,1,3,2,3,0
683,2,1,3,2,4,0
684,2,1,3,2,5,0
685,2,1,3,3,1,0
686,2,1,3,3,2,0
687,2,1,3,3,3,0
688,2,1,3,3,4,0
689,2,1,3,3,5,0
690,2,1,3,4,1,0
691,2,1,3,4,2,0
692,2,1,3,4,3,0
693,2,1,3,4,4,0
694,2,1,3,4,5,0
695,2,1,3,5,1,0
696,2,1,3,5,2,0
697,2,1,3,5,3,0
698,2,1,3,5,4,0
699,2,1,3,5,5,0
700,2,1,4,1,1,0
701,2,1,4,1,2,0
702,2,1,4,1,3,0
703,2,1,4,1,4,0
704,2,1,4,1,5,0
705,2,1,4,2,1,0
706,2,1,4,2,2,0
707,2,1,4,2,3,0
708,2,1,4,2,4,0
709,2,1,4,2,5,0
710,2,1,4,3,1,0
711,2,1,4,3,2,0
712,2,1,4,3,3,0
713,2,1,4,3,4,0
714,2,1,4,3,5,0
715,2,1,4,4,1,0
716,2,1,4,4,2,0
717,2,1,4,4,3,0
718,2,1,4,4,4,0
719,2,1,4,4,5,0
720,2,1,4,5,1,0
721,2,1,4,5,2,0
722,2,1,4,5,3,0
723,2,1,4,5,4,0
724,2,1,4,5,5,0
725,2,1,5,1,1,0
726,2,1,5,1,2,0
727,2,1,5,1,3,0
728,2,1,5,1,4,0
729,2,1,5,1,5,0
730,2,1,5,2,1,0
731,2,1,5,2,2,0
732,2,1,5,2,3,0
733,2,1,5,2,4,0
734,2,1,5,2,5,0
735,2,1,5,3,1,0
736,2,1,5,3,2,0
737,2,1,5,3,3,0
738,2,1,5,3,4,0
739,2,1,5,3,5,0
740,2,1,5,4,1,0
741,2,1,5,4,2,0
742,2,1,5,4,3,0
743,2,1,5,4,4,0
744,2,1,5,4,5,0
745,2,1,5,5,1,0
746,2,1,5,5,2,0
747,2,1,5,5,3,0
748,2,1,5,5,4,0
749,2,1,5,5,5,0
750,2,2,1,1,1,0
751,2,2,1,1,2,0
752,2,2,1,1,3,0
753,2,2,1,1,4,0
754,2,2,1,1,5,0
755,2,2,1,2,1,0
756,2,2,1,2,2,0
757,2,2,1,2,3,0
758,2,2,1,2,4,0
759,2,2,1,2,5,0
760,2,2,1,3,1,0
761,2,2,1,3,2,0
762,2,2,1,3,3,0
763,2,2,1,3,4,0
764,2,2,1,3,5,0
765,2,2,1,4,1,0
766,2,2,1,4,2,0
767,2,2,1,4,3,0
768,2,2,1,4,4,0
769,2,2,1,4,5,0
770,2,2,1,5,1,0
771,2,2,1,5,2,0
772,2,2,1,5,3,0
773,2,2,1,5,4,0
774,2,2,1,5,5,0
775,2,2,2,1,1,0
776,2,2,2,1,2,0
777,2,2,2,1,3,0
778,2,2,2,1,4,0
779,2,2,2,1,5,0
780,2,2,2,2,1,0
781,2,2,2,2,2,0
782,2,2,2,2,3,0
783,2,2,2,2,4,0
784,2,2,2,2,5,0
785,2,2,2,3,1,0
786,2,2,2,3,2,0
787,2,2,2,3,3,0
788,2,2,2,3,4,0
789,2,2,2,3,5,0
790,2,2,2,4,1,0
791,2,2,2,4,2,0
792,2,2,2,4,3,0
793,2,2,2,4,4,0
794,2,2,2,4,5,0
795,2,2,2,5,1,0
796,2,2,2,5,2,0
797,2,2,2,5,3,0
798,2,2,2,5,4,0
799,2,2,2,5,5,0
800,2,2,3,1,1,0
801,2,2,3,1,2,0
802,2,2,3,1,3,0
803,2,2,3,1,4,0
804,2,2,3,1,5,0
805,2,2,3,2,1,0
806,2,2,3,2,2,0
807,2,2,3,2,3,0
808,2,2,3,2,4,0
809,2,2,3,2,5,0
810,2,2,3,3,1,0
811,2,2,3,3,2,0
812,2,2,3,3,3,0
813,2,2,3,3,4,0
814,2,2,3,3,5,0
815,2,2,3,4,1,0
816,2,2,3,4,2,0
817,2,2,3,4,3,0
818,2,2,3,4,4,0
819,2,2,3,4,5,0
820,2,2,3,5,1,0
821,2,2,3,5,2,0
822,2,2,3,5,3,0
823,2,2,3,5,4,0
824,2,2,3,5,5,0
825,2,2,4,1,1,0
826,2,2,4,1,2,0
827,2,2,4,1,3,0
828,2,2,4,1,4,0
829,2,2,4,1,5,0
830,2,2,4,2,1,0
831,2,2,4,2,2,0
832,2,2,4,2,3,0
833,2,2,4,2,4,0
834,2,2,4,2,5,0
835,2,2,4,3,1,0
836,2,2,4,3,2,0
837,2,2,4,3,3,0
838,2,2,4,3,4,0
839,2,2,4,3,5,0
840,2,2,4,4,1,0
841,2,2,4,4,2,0
842,2,2,4,4,3,0
843,2,2,4,4,4,0
844,2,2,4,4,5,0
845,2,2,4,5,1,0
846,2,2,4,5,2,0
847,2,2,4,5,3,0
848,2,2,4,5,4,0
849,2,2,4,5,5,0
850,2,2,5,1,1,0
851,2,2,5,1,2,0
852,2,2,5,1,3,0
853,2,2,5,1,4,0
854,2,2,5,1,5,0
855,2,2,5,2,1,0
856,2,2,5,2,2,0
857,2,2,5,2,3,0
858,2,2,5,2,4,0
859,2,2,5,2,5,0
860,2,2,5,3,1,0
861,2,2,5,3,2,0
862,2,2,5,3,3,0
863,2,2,5,3,4,0
864,2,2,5,3,5,0
865,2,2,5,4,1,0
866,2,2,5,4,2,0
867,2,2,5,4,3,0
868,2,2,5,4,4,0
869,2,2,5,4,5,0
870,2,2,5,5,1,0
871,2,2,5,5,2,0
872,2,2,5,5,3,0
873,2,2,5,5,4,0
874,2,2,5,5,5,0
875,2,3,1,1,1,0
876,2,3,1,1,2,0
877,2,3,1,1,3,0
878,2,3,1,1,4,0
879,2,3,1,1,5,0
880,2,3,1,2,1,0
881,2,3,1,2,2,0
882,2,3,1,2,3,0
883,2,3,1,2,4,0
884,2,3,1,2,5,0
885,2,3,1,3,1,0
886,2,3,1,3,2,0
887,2,3,1,3,3,0
888,2,3,1,3,4,0
889,2,3,1,3,5,0
890,2,3,1,4,1,0
891,2,3,1,4,2,0
892,2,3,1,4,3,0
893,2,3,1,4,4,0
894,2,3,1,4,5,0
895,2,3,1,5,1,0
896,2,3,1,5,2,0
897,2,3,1,5,3,0
898,2,3,1,5,4,0
899,2,3,1,5,5,0
900,2,3,2,1,1,0
901,2,3,2,1,2,0
902,2,3,2,1,3,0
903,2,3,2,1,4,0
904,2,3,2,1,5,0
905,2,3,2,2,1,0
906,2,3,2,2,2,0
907,2,3,2,2,3,0
908,2,3,2,2,4,0
909,2,3,2,2,5,0
910,2,3,2,3,1,0
911,2,3,2,3,2,0
912,2,3,2,3,3,0
913,2,3,2,3,4,0
914,2,3,2,3,5,0
915,2,3,2,4,1,0
916,2,3,2,4,2,0
917,2,3,2,4,3,0
918,2,3,2,4,4,0
919,2,3,2,4,5,0
920,2,3,2,5,1,0
921,2,3,2,5,2,0
922,2,3,2,5,3,0
923,2,3,2,5,4,0
924,2,3,2,5,5,0
925,2,3,3,1,1,0
926,2,3,3,1,2,0
927,2,3,3,1,3,0
928,2,3,3,1,4,0
929,2,3,3,1,5,0
930,2,3,3,2,1,0
931,2,3,3,2,2,0
932,2,3,3,2,3,0
933,2,3,3,2,4,0
934,2,3,3,2,5,0
935,2,3,3,3,1,0
936,2,3,3,3,2,0
937,2,3,3,3,3,0
938,2,3,3,3,4,0
939,2,3,3,3,5,0
940,2,3,3,4,1,0
941,2,3,3,4,2,0
942,2,3,3,4,3,0
943,2,3,3,4,4,0
944,2,3,3,4,5,0
945,2,3,3,5,1,0
946,2,3,3,5,2,0
947,2,3,3,5,3,0
948,2,3,3,5,4,0
949,2,3,3,5,5,0
950,2,3,4,1,1,0
951,2,3,4,1,2,0
952,2,3,4,1,3,0
953,2,3,4,1,4,0
954,2,3,4,1,5,0
955,2,3,4,2,1,0
956,2,3,4,2,2,0
957,2,3,4,2,3,0
958,2,3,4,2,4,0
959,2,3,4,2,5,0
960,2,3,4,3,1,0
961,2,3,4,3,2,0
962,2,3,4,3,3,0
963,2,3,4,3,4,0
964,2,3,4,3,5,0
965,2,3,4,4,1,0
966,2,3,4,4,2,0
967,2,3,4,4,3,0
968,2,3,4,4,4,0
969,2,3,4,4,5,0
970,2,3,4,5,1,0
971,2,3,4,5,2,0
972,2,3,4,5,3,0
973,2,3,4,5,4,0
974,2,3,4,5,5,0
975,2,3,5,1,1,0
976,2,3,5,1,2,0
977,2,3,5,1,3,0
978,2,3,5,1,4,0
979,2,3,5,1,5,0
980,2,3,5,2,1,0
981,2,3,5,2,2,0
982,2,3,5,2,3,0
983,2,3,5,2,4,0
984,2,3,5,2,5,0
985,2,3,5,3,1,0
986,2,3,5,3,2,0
987,2,3,5,3,3,0
988,2,3,5,3,4,0
989,2,3,5,3,5,0
990,2,3,5,4,1,0
991,2,3,5,4,2,0
992,2,3,5,4,3,0
993,2,3,5,4,4,0
994,2,3,5,4,5,0
995,2,3,5,5,1,0
996,2,3,5,5,2,0
997,2,3,5,5,3,0
998,2,3,5,5,4,0
999,2,3,5,5,5,0
1000,2,4,1,1,1,0
1001,2,4,1,1,2,0
1002,2,4,1,1,3,0
1003,2,4,1,1,4,0
1004,2,4,1,1,5,0
1005,2,4,1,2,1,0
1006,2,4,1,2,2,0
1007,2,4,1,2,3,0
1008,2,4,1,2,4,0
1009,2,4,1,2,5,0
1010,2,4,1,3,1,0
1011,2,4,1,3,2,0
1012,2,4,1,3,3,0
1013,2,4,1,3,4,0
1014,2,4,1,3,5,0
1015,2,4,1,4,1,0
1016,2,4,1,4,2,0
1017,2,4,1,4,3,0
1018,2,4,1,4,4,0
1019,2,4,1,4,5,0
1020,2,4,1,5,1,0
1021,2,4,1,5,2,0
1022,2,4,1,5,3,0
1023,2,4,1,5,4,0
1024,2,4,1,5,5,0
1025,2,4,2,1,1,0
1026,2,4,2,1,2,0
1027,2,4,2,1,3,0
1028,2,4,2,1,4,0
1029,2,4,2,1,5,0
1030,2,4,2,2,1,0
1031,2,4,2,2,2,0
1032,2,4,2,2,3,0
1033,2,4,2,2,4,0
1034,2,4,2,2,5,0
1035,2,4,2,3,1,0
1036,2,4,2,3,2,0
1037,2,4,2,3,3,0
1038,2,4,2,3,4,0
1039,2,4,2,3,5,0
1040,2,4,2,4,1,0
1041,2,4,2,4,2,0
1042,2,4,2,4,3,0
1043,2,4,2,4,4,0
1044,2,4,2,4,5,0
1045,2,4,2,5,1,0
1046,2,4,2,5,2,0
1047,2,4,2,5,3,0
1048,2,4,2,5,4,0
1049,2,4,2,5,5,0
1050,2,4,3,1,1,0
1051,2,4,3,1,2,0
1052,2,4,3,1,3,0
1053,2,4,3,1,4,0
1054,2,4,3,1,5,0
1055,2,4,3,2,1,0
1056,2,4,3,2,2,0
1057,2,4,3,2,3,0
1058,2,4,3,2,4,0
1059,2,4,3,2,5,0
1060,2,4,3,3,1,0
1061,2,4,3,3,2,0
1062,2,4,3,3,3,0
1063,2,4,3,3,4,0
1064,2,4,3,3,5,0
1065,2,4,3,4,1,0
1066,2,4,3,4,2,0
1067,2,4,3,4,3,0
1068,2,4,3,4,4,0
1069,2,4,3,4,5,0
1070,2,4,3,5,1,0
1071,2,4,3,5,2,0
1072,2,4,3,5,3,0
1073,2,4,3,5,4,0
1074,2,4,3,5,5,0
1075,2,4,4,1,1,0
1076,2,4,4,1,2,0
1077,2,4,4,1,3,0
1078,2,4,4,1,4,0
1079,2,4,4,1,5,0
1080,2,4,4,2,1,0
1081,2,4,4,2,2,0
1082,2,4,4,2,3,0
1083,2,4,4,2,4,0
1084,2,4,4,2,5,0
1085,2,4,4,3,1,0
1086,2,4,4,3,2,0
1087,2,4,4,3,3,0
1088,2,4,4,3,4,0
1089,2,4,4,3,5,0
1090,2,4,4,4,1,0
1091,2,4,4,4,2,0
1092,2,4,4,4,3,0
1093,2,4,4,4,4,0
1094,2,4,4,4,5,0
1095,2,4,4,5,1,0
1096,2,4,4,5,2,0
1097,2,4,4,5,3,0
1098,2,4,4,5,4,0
1099,2,4,4,5,5,0
1100,2,4,5,1,1,0
1101,2,4,5,1,2,0
1102,2,4,5,1,3,0
1103,2,4,5,1,4,0
1104,2,4,5,1,5,0
1105,2,4,5,2,1,0
1106,2,4,5,2,2,0
1107,2,4,5,2,3,0
1108,2,4,5,2,4,0
1109,2,4,5,2,5,0
1110,2,4,5,3,1,0
1111,2,4,5,3,2,0
1112,2,4,5,3,3,0
1113,2,4,5,3,4,0
1114,2,4,5,3,5,0
1115,2,4,5,4,1,0
1116,2,4,5,4,2,0
1117,2,4,5,4,3,0
1118,2,4,5,4,4,0
1119,2,4,5,4,5,0
1120,2,4,5,5,1,0
1121,2,4,5,5,2,0
1122,2,4,5,5,3,0
1123,2,4,5,5,4,0
1124,2,4,5,5,5,0
1125,2,5,1,1,1,0
1126,2,5,1,1,2,0
1127,2,5,1,1,3,0
1128,2,5,1,1,4,0
1129,2,5,1,1,5,0
1130,2,5,1,2,1,0
1131,2,5,1,2,2,0
1132,2,5,1,2,3,0
1133,2,5,1,2,4,0
1134,2,5,1,2,5,0
1135,2,5,1,3,1,0
1136,2,5,1,3,2,0
1137,2,5,1,3,3,0
1138,2,5,1,3,4,0
1139,2,5,1,3,5,0
1140,2,5,1,4,1,0
1141,2,5,1,4,2,0
1142,2,5,1,4,3,0
1143,2,5,1,4,4,0
1144,2,5,1,4,5,0
1145,2,5,1,5,1,0
1146,2,5,1,5,2,0
1147,2,5,1,5,3,0
1148,2,5,1,5,4,0
1149,2,5,1,5,5,0
1150,2,5,2,1,1,0
1151,2,5,2,1,2,0
1152,2,5,2,1,3,0
1153,2,5,2,1,4,0
1154,2,5,2,1,5,0
1155,2,5,2,2,1,0
1156,2,5,2,2,2,0
1157,2,5,2,2,3,0
1158,2,5,2,2,4,0
1159,2,5,2,2,5,0
1160,2,5,2,3,1,0
1161,2,5,2,3,2,0
1162,2,5,2,3,3,0
1163,2,5,2,3,4,0
1164,2,5,2,3,5,0
1165,2,5,2,4,1,0
1166,2,5,2,4,2,0
1167,2,5,2,4,3,0
1168,2,5,2,4,4,0
1169,2,5,2,4,5,0
1170,2,5,2,5,1,0
1171,2,5,2,5,2,0
1172,2,5,2,5,3,0
1173,2,5,2,5,4,0
1174,2,5,2,5,5,0
1175,2,5,3,1,1,0
1176,2,5,3,1,2,0
1177,2,5,3,1,3,0
1178,2,5,3,1,4,0
1179,2,5,3,1,5,0
1180,2,5,3,2,1,0
1181,2,5,3,2,2,0
1182,2,5,3,2,3,0
1183,2,5,3,2,4,0
1184,2,5,3,2,5,0
1185,2,5,3,3,1,0
1186,2,5,3,3,2,0
1187,2,5,3,3,3,0
1188,2,5,3,3,4,0
1189,2,5,3,3,5,0
1190,2,5,3,4,1,0
1191,2,5,3,4,2,0
1192,2,5,3,4,3,0
1193,2,5,3,4,4,0
1194,2,5,3,4,5,0
1195,2,5,3,5,1,0
1196,2,5,3,5,2,0
1197,2,5,3,5,3,0
1198,2,5,3,5,4,0
1199,2,5,3,5,5,0
1200,2,5,4,1,1,0
1201,2,5,4,1,2,0
1202,2,5,4,1,3,0
1203,2,5,4,1,4,0
1204,2,5,4,1,5,0
1205,2,5,4,2,1,0
1206,2,5,4,2,2,0
1207,2,5,4,2,3,0
1208,2,5,4,2,4,0
1209,2,5,4,2,5,0
1210,2,5,4,3,1,0
1211,2,5,4,3,2,0
1212,2,5,4,3,3,0
1213,2,5,4,3,4,0
1214,2,5,4,3,5,0
1215,2,5,4,4,1,0
1216,2,5,4,4,2,0
1217,2,5,4,4,3,0
1218,2,5,4,4,4,0
1219,2,5,4,4,5,0
1220,2,5,4,5,1,0
1221,2,5,4,5,2,0
1222,2,5,4,5,3,0
1223,2,5,4,5,4,0
1224,2,5,4,5,5,0
1225,2,5,5,1,1,1
1226,2,5,5,1,2,0
1227,2,5,5,1,3,0
1228,2,5,5,1,4,0
1229,2,5,5,1,5,0
1230,2,5,5,2,1,0
1231,2,5,5,2,2,0
1232,2,5,5,2,3,0
1233,2,5,5,2,4,0
1234,2,5,5,2,5,0
1235,2,5,5,3,1,0
1236,2,5,5,3,2,0
1237,2,5,5,3,3,0
1238,2,5,5,3,4,0
1239,2,5,5,3,5,0
1240,2,5,5,4,1,0
1241,2,5,5,4,2,0
1242,2,5,5,4,3,0
1243,2,5,5,4,4,0
1244,2,5,5,4,5,0
1245,2,5,5,5,1,0
1246,2,5,5,5,2,0
1247,2,5,5,5,3,0
1248,2,5,5,5,4,0
1249,2,5,5,5,5,0
1250,3,1,1,1,1,0
1251,3,1,1,1,2,0
1252,3,1,1,1,3,0
1253,3,1,1,1,4,0
1254,3,1,1,1,5,0
1255,3,1,1,2,1,0
1256,3,1,1,2,2,0
1257,3,1,1,2,3,0
1258,3,1,1,2,4,0
1259,3,1,1,2,5,0
1260,3,1,1,3,1,0
1261,3,1,1,3,2,0
1262,3,1,1,3,3,0
1263,3,1,1,3,4,0
1264,3,1,1,3,5,0
1265,3,1,1,4,1,0
1266,3,1,1,4,2,0
1267,3,1,1,4,3,0
1268,3,1,1,4,4,0
1269,3,1,1,4,5,0
1270,3,1,1,5,1,0
1271,3,1,1,5,2,0
1272,3,1,1,5,3,0
1273,3,1,1,5,4,0
1274,3,1,1,5,5,0
1275,3,1,2,1,1,0
1276,3,1,2,1,2,0
1277,3,1,2,1,3,0
1278,3,1,2,1,4,0
1279,3,1,2,1,5,0
1280,3,1,2,2,1,0
1281,3,1,2,2,2,0
1282,3,1,2,2,3,0
1283,3,1,2,2,4,0
1284,3,1,2,2,5,0
1285,3,1,2,3,1,0
1286,3,1,2,3,2,0
1287,3,1,2,3,3,0
1288,3,1,2,3,4,0
1289,3,1,2,3,5,0
1290,3,1,2,4,1,0
1291,3,1,2,4,2,0
1292,3,1,2,4,3,0
1293,3,1,2,4,4,0
1294,3,1,2,4,5,0
1295,3,1,2,5,1,0
1296,3,1,2,5,2,0
1297,3,1,2,5,3,0
1298,3,1,2,5,4,0
1299,3,1,2,5,5,0
1300,3,1,3,1,1,0
1301,3,1,3,1,2,0
1302,3,1,3,1,3,0
1303,3,1,3,1,4,0
1304,3,1,3,1,5,0
1305,3,1,3,2,1,0
1306,3,1,3,2,2,0
1307,3,1,3,2,3,0
1308,3,1,3,2,4,0
1309,3,1,3,2,5,0
1310,3,1,3,3,1,0
1311,3,1,3,3,2,0
1312,3,1,3,3,3,0
1313,3,1,3,3,4,0
1314,3,1,3,3,5,0
1315,3,1,3,4,1,0
1316,3,1,3,4,2,0
1317,3,1,3,4,3,0
1318,3,1,3,4,4,0
1319,3,1,3,4,5,0
1320,3,1,3,5,1,0
1321,3,1,3,5,2,0
1322,3,1,3,5,3,0
1323,3,1,3,5,4,0
1324,3,1,3,5,5,0
1325,3,1,4,1,1,0
1326,3,1,4,1,2,0
1327,3,1,4,1,3,0
1328,3,1,4,1,4,0
1329,3,1,4,1,5,0
1330,3,1,4,2,1,0
1331,3,1,4,2,2,0
1332,3,1,4,2,3,0
1333,3,1,4,2,4,0
1334,3,1,4,2,5,0
1335,3,1,4,3,1,0
1336,3,1,4,3,2,0
1337,3,1,4,3,3,0
1338,3,1,4,3,4,0
1339,3,1,4,3,5,0
1340,3,1,4,4,1,0
1341,3,1,4,4,2,0
1342,3,1,4,4,3,0
1343,3,1,4,4,4,0
1344,3,1,4,4,5,0
1345,3,1,4,5,1,0
1346,3,1,4,5,2,0
1347,3,1,4,5,3,0
1348,3,1,4,5,4,0
1349,3,1,4,5,5,0
1350,3,1,5,1,1,0
1351,3,1,5,1,2,0
1352,3,1,5,1,3,0
1353,3,1,5,1,4,0
1354,3,1,5,1,5,0
1355,3,1,5,2,1,0
1356,3,1,5,2,2,0
1357,3,1,5,2,3,0
1358,3,1,5,2,4,0
1359,3,1,5,2,5,0
1360,3,1,5,3,1,0
1361,3,1,5,3,2,0
1362,3,1,5,3,3,0
1363,3,1,5,3,4,0
1364,3,1,5,3,5,0
1365,3,1,5,4,1,0
1366,3,1,5,4,2,0
1367,3,1,5,4,3,0
1368,3,1,5,4,4,0
1369,3,1,5,4,5,0
1370,3,1,5,5,1,0
1371,3,1,5,5,2,0
1372,3,1,5,5,3,0
1373,3,1,5,5,4,0
1374,3,1,5,5,5,0
1375,3,2,1,1,1,0
1376,3,2,1,1,2,0
1377,3,2,1,1,3,0
1378,3,2,1,1,4,0
1379,3,2,1,1,5,0
1380,3,2,1,2,1,0
1381,3,2,1,2,2,0
1382,3,2,1,2,3,0
1383,3,2,1,2,4,0
1384,3,2,1,2,5,0
1385,3,2,1,3,1,0
1386,3,2,1,3,2,0
1387,3,2,1,3,3,0
1388,3,2,1,3,4,0
1389,3,2,1,3,5,0
1390,3,2,1,4,1,0
1391,3,2,1,4,2,0
1392,3,2,1,4,3,0
1393,3,2,1,4,4,0
1394,3,2,1,4,5,0
1395,3,2,1,5,1,0
1396,3,2,1,5,2,0
1397,3,2,1,5,3,0
1398,3,2,1,5,4,0
1399,3,2,1,5,5,0
1400,3,2,2,1,1,0
1401,3,2,2,1,2,0
1402,3,2,2,1,3,0
1403,3,2,2,1,4,0
1404,3,2,2,1,5,0
1405,3,2,2,2,1,0
1406,3,2,2,2,2,0
1407,3,2,2,2,3,0
1408,3,2,2,2,4,0
1409,3,2,2,2,5,0
1410,3,2,2,3,1,0
1411,3,2,2,3,2,0
1412,3,2,2,3,3,0
1413,3,2,2,3,4,0
1414,3,2,2,3,5,0
1415,3,2,2,4,1,0
1416,3,2,2,4,2,0
1417,3,2,2,4,3,0
1418,3,2,2,4,4,0
1419,3,2,2,4,5,0
1420,3,2,2,5,1,0
1421,3,2,2,5,2,0
1422,3,2,2,5,3,0
1423,3,2,2,5,4,0
1424,3,2,2,5,5,0
1425,3,2,3,1,1,0
1426,3,2,3,1,2,0
1427,3,2,3,1,3,0
1428,3,2,3,1,4,0
1429,3,2,3,1,5,0
1430,3,2,3,2,1,0
1431,3,2,3,2,2,0
1432,3,2,3,2,3,0
1433,3,2,3,2,4,0
1434,3,2,3,2,5,0
1435,3,2,3,3,1,0
1436,3,2,3,3,2,0
1437,3,2,3,3,3,0
1438,3,2,3,3,4,0
1439,3,2,3,3,5,0
1440,3,2,3,4,1,0
1441,3,2,3,4,2,0
1442,3,2,3,4,3,0
1443,3,2,3,4,4,0
1444,3,2,3,4,5,0
1445,3,2,3,5,1,0
1446,3,2,3,5,2,0
1447,3,2,3,5,3,0
1448,3,2,3,5,4,0
1449,3,2,3,5,5,0
1450,3,2,4,1,1,0
1451,3,2,4,1,2,0
1452,3,2,4,1,3,0
1453,3,2,4,1,4,0
1454,3,2,4,1,5,0
1455,3,2,4,2,1,0
1456,3,2,4,2,2,0
1457,3,2,4,2,3,0
1458,3,2,4,2,4,0
1459,3,2,4,2,5,0
1460,3,2,4,3,1,0
1461,3,2,4,3,2,0
1462,3,2,4,3,3,0
1463,3,2,4,3,4,0
1464,3,2,4,3,5,0
1465,3,2,4,4,1,0
1466,3,2,4,4,2,0
1467,3,2,4,4,3,0
1468,3,2,4,4,4,0
1469,3,2,4,4,5,0
1470,3,2,4,5,1,0
1471,3,2,4,5,2,0
1472,3,2,4,5,3,0
1473,3,2,4,5,4,0
1474,3,2,4,5,5,0
1475,3,2,5,1,1,0
1476,3,2,5,1,2,0
1477,3,2,5,1,3,0
1478,3,2,5,1,4,0
1479,3,2,5,1,5,0
1480,3,2,5,2,1,0
1481,3,2,5,2,2,0
1482,3,2,5,2,3,0
1483,3,2,5,2,4,0
1484,3,2,5,2,5,0
1485,3,2,5,3,1,0
1486,3,2,5,3,2,0
1487,3,2,5,3,3,0
1488,3,2,5,3,4,0
1489,3,2,5,3,5,0
1490,3,2,5,4,1,0
1491,3,2,5,4,2,0
1492,3,2,5,4,3,0
1493,3,2,5,4,4,0
1494,3,2,5,4,5,0
1495,3,2,5,5,1,0
1496,3,2,5,5,2,0
1497,3,2,5,5,3,0
1498,3,2,5,5,4,0
1499,3,2,5,5,5,0
1500,3,3,1,1,1,0
1501,3,3,1,1,2,0
1502,3,3,1,1,3,0
1503,3,3,1,1,4,0
1504,3,3,1,1,5,0
1505,3,3,1,2,1,0
1506,3,3,1,2,2,0
1507,3,3,1,2,3,0
1508,3,3,1,2,4,0
1509,3,3,1,2,5,0
1510,3,3,1,3,1,0
1511,3,3,1,3,2,0
1512,3,3,1,3,3,0
1513,3,3,1,3,4,0
1514,3,3,1,3,5,0
1515,3,3,1,4,1,0
1516,3,3,1,4,2,0
1517,3,3,1,4,3,0
1518,3,3,1,4,4,0
1519,3,3,1,4,5,0
1520,3,3,1,5,1,0
1521,3,3,1,5,2,0
1522,3,3,1,5,3,0
1523,3,3,1,5,4,0
1524,3,3,1,5,5,0
1525,3,3,2,1,1,0
1526,3,3,2,1,2,0
1527,3,3,2,1,3,0
1528,3,3,2,1,4,0
1529,3,3,2,1,5,0
1530,3,3,2,2,1,0
1531,3,3,2,2,2,0
1532,3,3,2,2,3,0
1533,3,3,2,2,4,0
1534,3,3,2,2,5,0
1535,3,3,2,3,1,0
1536,3,3,2,3,2,0
1537,3,3,2,3,3,0
1538,3,3,2,3,4,0
1539,3,3,2,3,5,0
1540,3,3,2,4,1,0
1541,3,3,2,4,2,0
1542,3,3,2,4,3,0
1543,3,3,2,4,4,0
1544,3,3,2,4,5,0
1545,3,3,2,5,1,0
1546,3,3,2,5,2,0
1547,3,3,2,5,3,0
1548,3,3,2,5,4,0
1549,3,3,2,5,5,0
1550,3,3,3,1,1,0
1551,3,3,3,1,2,0
1552,3,3,3,1,3,0
1553,3,3,3,1,4,0
1554,3,3,3,1,5,0
1555,3,3,3,2,1,0
1556,3,3,3,2,2,0
1557,3,3,3,2,3,0
1558,3,3,3,2,4,0
1559,3,3,3,2,5,0
1560,3,3,3,3,1,0
1561,3,3,3,3,2,0
1562,3,3,3,3,3,0
1563,3,3,3,3,4,0
1564,3,3,3,3,5,0
1565,3,3,3,4,1,0
1566,3,3,3,4,2,0
1567,3,3,3,4,3,0
1568,3,3,3,4,4,0
1569,3,3,3,4,5,0
1570,3,3,3,5,1,0
1571,3,3,3,5,2,0
1572,3,3,3,5,3,0
1573,3,3,3,5,4,0
1574,3,3,3,5,5,0
1575,3,3,4,1,1,0
1576,3,3,4,1,2,0
1577,3,3,4,1,3,0
1578,3,3,4,1,4,0
1579,3,3,4,1,5,0
1580,3,3,4,2,1,0
1581,3,3,4,2,2,0
1582,3,3,4,2,3,0
1583,3,3,4,2,4,0
1584,3,3,4,2,5,0
1585,3,3,4,3,1,0
1586,3,3,4,3,2,0
1587,3,3,4,3,3,0
1588,3,3,4,3,4,0
1589,3,3,4,3,5,0
1590,3,3,4,4,1,0
1591,3,3,4,4,2,0
1592,3,3,4,4,3,0
1593,3,3,4,4,4,0
1594,3,3,4,4,5,0
1595,3,3,4,5,1,0
1596,3,3,4,5,2,0
1597,3,3,4,5,3,0
1598,3,3,4,5,4,0
1599,3,3,4,5,5,0
1600,3,3,5,1,1,0
1601,3,3,5,1,2,0
1602,3,3,5,1,3,0
1603,3,3,5,1,4,0
1604,3,3,5,1,5,0
1605,3,3,5,2,1,0
1606,3,3,5,2,2,0
1607,3,3,5,2,3,0
1608,3,3,5,2,4,0
1609,3,3,5,2,5,0
1610,3,3,5,3,1,0
1611,3,3,5,3,2,0
1612,3,3,5,3,3,0
1613,3,3,5,3,4,0
1614,3,3,5,3,5,0
1615,3,3,5,4,1,0
1616,3,3,5,4,2,0
1617,3,3,5,4,3,0
1618,3,3,5,4,4,0
1619,3,3,5,4,5,0
1620,3,3,5,5,1,0
1621,3,3,5,5,2,0
1622,3,3,5,5,3,0
1623,3,3,5,5,4,0
1624,3,3,5,5,5,0
1625,3,4,1,1,1,0
1626,3,4,1,1,2,0
1627,3,4,1,1,3,0
1628,3,4,1,1,4,0
1629,3,4,1,1,5,0
1630,3,4,1,2,1,0
1631,3,4,1,2,2,0
1632,3,4,1,2,3,0
1633,3,4,1,2,4,0
1634,3,4,1,2,5,0
1635,3,4,1,3,1,0
1636,3,4,1,3,2,0
1637,3,4,1,3,3,0
1638,3,4,1,3,4,0
1639,3,4,1,3,5,0
1640,3,4,1,4,1,0
1641,3,4,1,4,2,0
1642,3,4,1,4,3,0
1643,3,4,1,4,4,0
1644,3,4,1,4,5,0
1645,3,4,1,5,1,0
1646,3,4,1,5,2,0
1647,3,4,1,5,3,0
1648,3,4,1,5,4,0
1649,3,4,1,5,5,0
1650,3,4,2,1,1,0
1651,3,4,2,1,2,0
1652,3,4,2,1,3,0
1653,3,4,2,1,4,0
1654,3,4,2,1,5,0
1655,3,4,2,2,1,0
1656,3,4,2,2,2,0
1657,3,4,2,2,3,0
1658,3,4,2,2,4,0
1659,3,4,2,2,5,0
1660,3,4,2,3,1,0
1661,3,4,2,3,2,0
1662,3,4,2,3,3,0
1663,3,4,2,3,4,0
1664,3,4,2,3,5,0
1665,3,4,2,4,1,0
1666,3,4,2,4,2,0
1667,3,4,2,4,3,0
1668,3,4,2,4,4,0
1669,3,4,2,4,5,0
1670,3,4,2,5,1,0
1671,3,4,2,5,2,0
1672,3,4,2,5,3,0
1673,3,4,2,5,4,0
1674,3,4,2,5,5,0
1675,3,4,3,1,1,0
1676,3,4,3,1,2,0
1677,3,4,3,1,3,0
1678,3,4,3,1,4,0
1679,3,4,3,1,5,0
1680,3,4,3,2,1,0
1681,3,4,3,2,2,0
1682,3,4,3,2,3,0
1683,3,4,3,2,4,0
1684,3,4,3,2,5,0
1685,3,4,3,3,1,0
1686,3,4,3,3,2,0
1687,3,4,3,3,3,0
1688,3,4,3,3,4,0
1689,3,4,3,3,5,0
1690,3,4,3,4,1,0
1691,3,4,3,4,2,0
1692,3,4,3,4,3,0
1693,3,4,3,4,4,0
1694,3,4,3,4,5,0
1695,3,4,3,5,1,0
1696,3,4,3,5,2,0
1697,3,4,3,5,3,0
1698,3,4,3,5,4,0
1699,3,4,3,5,5,0
1700,3,4,4,1,1,0
1701,3,4,4,1,2,0
1702,3,4,4,1,3,0
1703,3,4,4,1,4,0
1704,3,4,4,1,5,0
1705,3,4,4,2,1,0
1706,3,4,4,2,2,0
1707,3,4,4,2,3,0
1708,3,4,4,2,4,0
1709,3,4,4,2,5,0
1710,3,4,4,3,1,0
1711,3,4,4,3,2,0
1712,3,4,4,3,3,0
1713,3,4,4,3,4,0
1714,3,4,4,3,5,0
1715,3,4,4,4,1,0
1716,3,4,4,4,2,0
1717,3,4,4,4,3,0
1718,3,4,4,4,4,0
1719,3,4,4,4,5,0
1720,3,4,4,5,1,0
1721,3,4,4,5,2,0
1722,3,4,4,5,3,0
1723,3,4,4,5,4,0
1724,3,4,4,5,5,0
1725,3,4,5,1,1,0
1726,3,4,5,1,2,0
1727,3,4,5,1,3,0
1728,3,4,5,1,4,0
1729,3,4,5,1,5,0
1730,3,4,5,2,1,0
1731,3,4,5,2,2,0
1732,3,4,5,2,3,0
1733,3,4,5,2,4,0
1734,3,4,5,2,5,0
1735,3,4,5,3,1,0
1736,3,4,5,3,2,0
1737,3,4,5,3,3,0
1738,3,4,5,3,4,0
1739,3,4,5,3,5,0
1740,3,4,5,4,1,0
1741,3,4,5,4,2,0
1742,3,4,5,4,3,0
1743,3,4,5,4,4,0
1744,3,4,5,4,5,0
1745,3,4,5,5,1,0
1746,3,4,5,5,2,0
1747,3,4,5,5,3,0
1748,3,4,5,5,4,0
1749,3,4,5,5,5,0
1750,3,5,1,1,1,0
1751,3,5,1,1,2,0
1752,3,5,1,1,3,0
1753,3,5,1,1,4,0
1754,3,5,1,1,5,0
1755,3,5,1,2,1,0
1756,3,5,1,2,2,0
1757,3,5,1,2,3,0
1758,3,5,1,2,4,0
1759,3,5,1,2,5,0
1760,3,5,1,3,1,0
1761,3,5,1,3,2,0
1762,3,5,1,3,3,0
1763,3,5,1,3,4,0
1764,3,5,1,3,5,0
1765,3,5,1,4,1,0
1766,3,5,1,4,2,0
1767,3,5,1,4,3,0
1768,3,5,1,4,4,0
1769,3,5,1,4,5,0
1770,3,5,1,5,1,0
1771,3,5,1,5,2,0
1772,3,5,1,5,3,0
1773,3,5,1,5,4,0
1774,3,5,1,5,5,0
1775,3,5,2,1,1,0
1776,3,5,2,1,2,0
1777,3,5,2,1,3,0
1778,3,5,2,1,4,0
1779,3,5,2,1,5,0
1780,3,5,2,2,1,0
1781,3,5,2,2,2,0
1782,3,5,2,2,3,0
1783,3,5,2,2,4,0
1784,3,5,2,2,5,0
1785,3,5,2,3,1,0
1786,3,5,2,3,2,0
1787,3,5,2,3,3,0
1788,3,5,2,3,4,0
1789,3,5,2,3,5,0
1790,3,5,2,4,1,0
1791,3,5,2,4,2,0
1792,3,5,2,4,3,0
1793,3,5,2,4,4,0
1794,3,5,2,4,5,0
1795,3,5,2,5,1,0
1796,3,5,2,5,2,0
1797,3,5,2,5,3,0
1798,3,5,2,5,4,0
1799,3,5,2,5,5,0
1800,3,5,3,1,1,0
1801,3,5,3,1,2,0
1802,3,5,3,1,3,0
1803,3,5,3,1,4,0
1804,3,5,3,1,5,0
1805,3,5,3,2,1,0
1806,3,5,3,2,2,0
1807,3,5,3,2,3,0
1808,3,5,3,2,4,0
1809,3,5,3,2,5,0
1810,3,5,3,3,1,0
1811,3,5,3,3,2,0
1812,3,5,3,3,3,0
1813,3,5,3,3,4,0
1814,3,5,3,3,5,0
1815,3,5,3,4,1,0
1816,3,5,3,4,2,0
1817,3,5,3,4,3,0
1818,3,5,3,4,4,0
1819,3,5,3,4,5,0
1820,3,5,3,5,1,0
1821,3,5,3,5,2,0
1822,3,5,3,5,3,0
1823,3,5,3,5,4,0
1824,3,5,3,5,5,0
1825,3,5,4,1,1,0
1826,3,5,4,1,2,0
1827,3,5,4,1,3,0
1828,3,5,4,1,4,0
1829,3,5,4,1,5,0
1830,3,5,4,2,1,0
1831,3,5,4,2,2,0
1832,3,5,4,2,3,0
1833,3,5,4,2,4,0
1834,3,5,4,2,5,0
1835,3,5,4,3,1,0
1836,3,5,4,3,2,0
1837,3,5,4,3,3,0
1838,3,5,4,3,4,0
1839,3,5,4,3,5,0
1840,3,5,4,4,1,0
1841,3,5,4,4,2,0
1842,3,5,4,4,3,0
1843,3,5,4,4,4,0
1844,3,5,4,4,5,0
1845,3,5,4,5,1,0
1846,3,5,4,5,2,0
1847,3,5,4,5,3,0
1848,3,5,4,5,4,0
1849,3,5,4,5,5,0
1850,3,5,5,1,1,0
1851,3,5,5,1,2,0
1852,3,5,5,1,3,0
1853,3,5,5,1,4,0
1854,3,5,5,1,5,0
1855,3,5,5,2,1,0
1856,3,5,5,2,2,0
1857,3,5,5,2,3,0
1858,3,5,5,2,4,0
1859,3,5,5,2,5,0
1860,3,5,5,3,1,0
1861,3,5,5,3,2,0
1862,3,5,5,3,3,0
1863,3,5,5,3,4,0
1864,3,5,5,3,5,0
1865,3,5,5,4,1,0
1866,3,5,5,4,2,0
1867,3,5,5,4,3,0
1868,3,5,5,4,4,0
1869,3,5,5,4,5,0
1870,3,5,5,5,1,0
1871,3,5,5,5,2,0
1872,3,5,5,5,3,0
1873,3,5,5,5,4,0
1874,3,5,5,5,5,0
1875,4,1,1,1,1,0
1876,4,1,1,1,2,0
1877,4,1,1,1,3,0
1878,4,1,1,1,4,0
1879,4,1,1,1,5,0
1880,4,1,1,2,1,0
1881,4,1,1,2,2,0
1882,4,1,1,2,3,0
1883,4,1,1,2,4,0
1884,4,1,1,2,5,0
1885,4,1,1,3,1,0
1886,4,1,1,3,2,0
1887,4,1,1,3,3,0
1888,4,1,1,3,4,0
1889,4,1,1,3,5,0
1890,4,1,1,4,1,0
1891,4,1,1,4,2,0
1892,4,1,1,4,3,0
1893,4,1,1,4,4,0
1894,4,1,1,4,5,0
1895,4,1,1,5,1,0
1896,4,1,1,5,2,0
1897,4,1,1,5,3,0
1898,4,1,1,5,4,0
1899,4,1,1,5,5,0
1900,4,1,2,1,1,0
1901,4,1,2,1,2,0
1902,4,1,2,1,3,0
1903,4,1,2,1,4,0
1904,4,1,2,1,5,0
1905,4,1,2,2,1,0
1906,4,1,2,2,2,0
1907,4,1,2,2,3,0
1908,4,1,2,2,4,0
1909,4,1,2,2,5,0
1910,4,1,2,3,1,0
1911,4,1,2,3,2,0
1912,4,1,2,3,3,0
1913,4,1,2,3,4,0
1914,4,1,2,3,5,0
1915,4,1,2,4,1,0
1916,4,1,2,4,2,0
1917,4,1,2,4,3,0
1918,4,1,2,4,4,0
1919,4,1,2,4,5,0
1920,4,1,2,5,1,0
1921,4,1,2,5,2,0
1922,4,1,2,5,3,0
1923,4,1,2,5,4,0
1924,4,1,2,5,5,0
1925,4,1,3,1,1,0
1926,4,1,3,1,2,0
1927,4,1,3,1,3,0
1928,4,1,3,1,4,0
1929,4,1,3,1,5,0
1930,4,1,3,2,1,0
1931,4,1,3,2,2,0
1932,4,1,3,2,3,0
1933,4,1,3,2,4,0
1934,4,1,3,2,5,0
1935,4,1,3,3,1,0
1936,4,1,3,3,2,0
1937,4,1,3,3,3,0
1938,4,1,3,3,4,0
1939,4,1,3,3,5,0
1940,4,1,3,4,1,0
1941,4,1,3,4,2,0
1942,4,1,3,4,3,0
1943,4,1,3,4,4,0
1944,4,1,3,4,5,0
1945,4,1,3,5,1,0
1946,4,1,3,5,2,0
1947,4,1,3,5,3,0
1948,4,1,3,5,4,0
1949,4,1,3,5,5,0
1950,4,1,4,1,1,0
1951,4,1,4,1,2,0
1952,4,1,4,1,3,0
1953,4,1,4,1,4,0
1954,4,1,4,1,5,0
1955,4,1,4,2,1,0
1956,4,1,4,2,2,0
1957,4,1,4,2,3,0
1958,4,1,4,2,4,0
1959,4,1,4,2,5,0
1960,4,1,4,3,1,0
1961,4,1,4,3,2,0
1962,4,1,4,3,3,0
1963,4,1,4,3,4,0
1964,4,1,4,3,5,0
1965,4,1,4,4,1,0
1966,4,1,4,4,2,0
1967,4,1,4,4,3,0
1968,4,1,4,4,4,0
1969,4,1,4,4,5,0
1970,4,1,4,5,1,0
1971,4,1,4,5,2,0
1972,4,1,4,5,3,0
1973,4,1,4,5,4,0
1974,4,1,4,5,5,0
1975,4,1,5,1,1,0
1976,4,1,5,1,2,0
1977,4,1,5,1,3,0
1978,4,1,5,1,4,0
1979,4,1,5,1,5,0
1980,4,1,5,2,1,0
1981,4,1,5,2,2,0
1982,4,1,5,2,3,0
1983,4,1,5,2,4,0
1984,4,1,5,2,5,0
1985,4,1,5,3,1,0
1986,4,1,5,3,2,0
1987,4,1,5,3,3,0
1988,4,1,5,3,4,0
1989,4,1,5,3,5,0
1990,4,1,5,4,1,0
1991,4,1,5,4,2,0
1992,4,1,5,4,3,0
1993,4,1,5,4,4,0
1994,4,1,5,4,5,0
1995,4,1,5,5,1,0
1996,4,1,5,5,2,0
1997,4,1,5,5,3,0
1998,4,1,5,5,4,0
1999,4,1,5,5,5,0
2000,4,2,1,1,1,0
2001,4,2,1,1,2,0
2002,4,2,1,1,3,0
2003,4,2,1,1,4,0
2004,4,2,1,1,5,0
2005,4,2,1,2,1,0
2006,4,2,1,2,2,0
2007,4,2,1,2,3,0
2008,4,2,1,2,4,0
2009,4,2,1,2,5,0
2010,4,2,1,3,1,0
2011,4,2,1,3,2,0
2012,4,2,1,3,3,0
2013,4,2,1,3,4,0
2014,4,2,1,3,5,0
2015,4,2,1,4,1,0
2016,4,2,1,4,2,0
2017,4,2,1,4,3,0
2018,4,2,1,4,4,0
2019,4,2,1,4,5,0
2020,4,2,1,5,1,0
2021,4,2,1,5,2,0
2022,4,2,1,5,3,0
2023,4,2,1,5,4,0
2024,4,2,1,5,5,0
2025,4,2,2,1,1,0
2026,4,2,2,1,2,0
2027,4,2,2,1,3,0
2028,4,2,2,1,4,0
2029,4,2,2,1,5,0
2030,4,2,2,2,1,0
2031,4,2,2,2,2,0
2032,4,2,2,2,3,0
2033,4,2,2,2,4,0
2034,4,2,2,2,5,0
2035,4,2,2,3,1,0
2036,4,2,2,3,2,0
2037,4,2,2,3,3,0
2038,4,2,2,3,4,0
2039,4,2,2,3,5,0
2040,4,2,2,4,1,0
2041,4,2,2,4,2,0
2042,4,2,2,4,3,0
2043,4,2,2,4,4,0
2044,4,2,2,4,5,0
2045,4,2,2,5,1,0
2046,4,2,2,5,2,0
2047,4,2,2,5,3,0
2048,4,2,2,5,4,0
2049,4,2,2,5,5,0
2050,4,2,3,1,1,0
2051,4,2,3,1,2,0
2052,4,2,3,1,3,0
2053,4,2,3,1,4,0
2054,4,2,3,1,5,0
2055,4,2,3,2,1,0
2056,4,2,3,2,2,0
2057,4,2,3,2,3,0
2058,4,2,3,2,4,0
2059,4,2,3,2,5,0
2060,4,2,3,3,1,0
2061,4,2,3,3,2,0
2062,4,2,3,3,3,0
2063,4,2,3,3,4,0
2064,4,2,3,3,5,0
2065,4,2,3,4,1,0
2066,4,2,3,4,2,0
2067,4,2,3,4,3,0
2068,4,2,3,4,4,0
2069,4,2,3,4,5,0
2070,4,2,3,5,1,0
2071,4,2,3,5,2,0
2072,4,2,3,5,3,0
2073,4,2,3,5,4,0
2074,4,2,3,5,5,0
2075,4,2,4,1,1,0
2076,4,2,4,1,2,0
2077,4,2,4,1,3,0
2078,4,2,4,1,4,0
2079,4,2,4,1,5,0
2080,4,2,4,2,1,0
2081,4,2,4,2,2,0
2082,4,2,4,2,3,0
2083,4,2,4,2,4,0
2084,4,2,4,2,5,0
2085,4,2,4,3,1,0
2086,4,2,4,3,2,0
2087,4,2,4,3,3,0
2088,4,2,4,3,4,0
2089,4,2,4,3,5,0
2090,4,2,4,4,1,0
2091,4,2,4,4,2,0
2092,4,2,4,4,3,0
2093,4,2,4,4,4,0
2094,4,2,4,4,5,0
2095,4,2,4,5,1,0
2096,4,2,4,5,2,0
2097,4,2,4,5,3,0
2098,4,2,4,5,4,0
2099,4,2,4,5,5,0
2100,4,2,5,1,1,0
2101,4,2,5,1,2,0
2102,4,2,5,1,3,0
2103,4,2,5,1,4,0
2104,4,2,5,1,5,0
2105,4,2,5,2,1,0
2106,4,2,5,2,2,0
2107,4,2,5,2,3,0
2108,4,2,5,2,4,0
2109,4,2,5,2,5,0
2110,4,2,5,3,1,0
2111,4,2,5,3,2,0
2112,4,2,5,3,3,0
2113,4,2,5,3,4,0
2114,4,2,5,3,5,0
2115,4,2,5,4,1,0
2116,4,2,5,4,2,0
2117,4,2,5,4,3,0
2118,4,2,5,4,4,0
2119,4,2,5,4,5,0
2120,4,2,5,5,1,0
2121,4,2,5,5,2,0
2122,4,2,5,5,3,0
2123,4,2,5,5,4,0
2124,4,2,5,5,5,0
2125,4,3,1,1,1,0
2126,4,3,1,1,2,0
2127,4,3,1,1,3,0
2128,4,3,1,1,4,0
2129,4,3,1,1,5,0
2130,4,3,1,2,1,0
2131,4,3,1,2,2,0
2132,4,3,1,2,3,0
2133,4,3,1,2,4,0
2134,4,3,1,2,5,0
2135,4,3,1,3,1,0
2136,4,3,1,3,2,0
2137,4,3,1,3,3,0
2138,4,3,1,3,4,0
2139,4,3,1,3,5,0
2140,4,3,1,4,1,0
2141,4,3,1,4,2,0
2142,4,3,1,4,3,0
2143,4,3,1,4,4,0
2144,4,3,1,4,5,0
2145,4,3,1,5,1,0
2146,4,3,1,5,2,0
2147,4,3,1,5,3,0
2148,4,3,1,5,4,0
2149,4,3,1,5,5,0
2150,4,3,2,1,1,0
2151,4,3,2,1,2,0
2152,4,3,2,1,3,0
2153,4,3,2,1,4,0
2154,4,3,2,1,5,0
2155,4,3,2,2,1,0
2156,4,3,2,2,2,0
2157,4,3,2,2,3,0
2158,4,3,2,2,4,0
2159,4,3,2,2,5,0
2160,4,3,2,3,1,0
2161,4,3,2,3,2,0
2162,4,3,2,3,3,0
2163,4,3,2,3,4,0
2164,4,3,2,3,5,0
2165,4,3,2,4,1,0
2166,4,3,2,4,2,0
2167,4,3,2,4,3,0
2168,4,3,2,4,4,0
2169,4,3,2,4,5,0
2170,4,3,2,5,1,0
2171,4,3,2,5,2,0
2172,4,3,2,5,3,0
2173,4,3,2,5,4,0
2174,4,3,2,5,5,0
2175,4,3,3,1,1,0
2176,4,3,3,1,2,0
2177,4,3,3,1,3,0
2178,4,3,3,1,4,0
2179,4,3,3,1,5,0
2180,4,3,3,2,1,0
2181,4,3,3,2,2,0
2182,4,3,3,2,3,0
2183,4,3,3,2,4,0
2184,4,3,3,2,5,0
2185,4,3,3,3,1,0
2186,4,3,3,3,2,0
2187,4,3,3,3,3,0
2188,4,3,3,3,4,0
2189,4,3,3,3,5,0
2190,4,3,3,4,1,0
2191,4,3,3,4,2,0
2192,4,3,3,4,3,0
2193,4,3,3,4,4,0
2194,4,3,3,4,5,0
2195,4,3,3,5,1,0
2196,4,3,3,5,2,0
2197,4,3,3,5,3,0
2198,4,3,3,5,4,0
2199,4,3,3,5,5,0
2200,4,3,4,1,1,0
2201,4,3,4,1,2,0
2202,4,3,4,1,3,0
2203,4,3,4,1,4,0
2204,4,3,4,1,5,0
2205,4,3,4,2,1,0
2206,4,3,4,2,2,0
2207,4,3,4,2,3,0
2208,4,3,4,2,4,0
2209,4,3,4,2,5,0
2210,4,3,4,3,1,0
2211,4,3,4,3,2,0
2212,4,3,4,3,3,0
2213,4,3,4,3,4,0
2214,4,3,4,3,5,0
2215,4,3,4,4,1,0
2216,4,3,4,4,2,0
2217,4,3,4,4,3,0
2218,4,3,4,4,4,0
2219,4,3,4,4,5,0
2220,4,3,4,5,1,0
2221,4,3,4,5,2,0
2222,4,3,4,5,3,0
2223,4,3,4,5,4,0
2224,4,3,4,5,5,0
2225,4,3,5,1,1,0
2226,4,3,5,1,2,0
2227,4,3,5,1,3,0
2228,4,3,5,1,4,0
2229,4,3,5,1,5,0
2230,4,3,5,2,1,0
2231,4,3,5,2,2,0
2232,4,3,5,2,3,0
2233,4,3,5,2,4,0
2234,4,3,5,2,5,0
2235,4,3,5,3,1,0
2236,4,3,5,3,2,0
2237,4,3,5,3,3,0
2238,4,3,5,3,4,0
2239,4,3,5,3,5,0
2240,4,3,5,4,1,0
2241,4,3,5,4,2,0
2242,4,3,5,4,3,0
2243,4,3,5,4,4,0
2244,4,3,5,4,5,0
2245,4,3,5,5,1,0
2246,4,3,5,5,2,0
2247,4,3,5,5,3,0
2248,4,3,5,5,4,0
2249,4,3,5,5,5,0
2250,4,4,1,1,1,0
2251,4,4,1,1,2,0
2252,4,4,1,1,3,0
2253,4,4,1,1,4,0
2254,4,4,1,1,5,0
2255,4,4,1,2,1,0
2256,4,4,1,2,2,0
2257,4,4,1,2,3,0
2258,4,4,1,2,4,0
2259,4,4,1,2,5,0
2260,4,4,1,3,1,0
2261,4,4,1,3,2,0
2262,4,4,1,3,3,0
2263,4,4,1,3,4,0
2264,4,4,1,3,5,0
2265,4,4,1,4,1,0
2266,4,4,1,4,2,0
2267,4,4,1,4,3,0
2268,4,4,1,4,4,0
2269,4,4,1,4,5,0
2270,4,4,1,5,1,0
2271,4,4,1,5,2,0
2272,4,4,1,5,3,0
2273,4,4,1,5,4,0
2274,4,4,1,5,5,0
2275,4,4,2,1,1,0
2276,4,4,2,1,2,0
2277,4,4,2,1,3,0
2278,4,4,2,1,4,0
2279,4,4,2,1,5,0
2280,4,4,2,2,1,0
2281,4,4,2,2,2,0
2282,4,4,2,2,3,0
2283,4,4,2,2,4,0
2284,4,4,2,2,5,0
2285,4,4,2,3,1,0
2286,4,4,2,3,2,0
2287,4,4,2,3,3,0
2288,4,4,2,3,4,0
2289,4,4,2,3,5,0
2290,4,4,2,4,1,0
2291,4,4,2,4,2,0
2292,4,4,2,4,3,0
2293,4,4,2,4,4,0
2294,4,4,2,4,5,0
2295,4,4,2,5,1,0
2296,4,4,2,5,2,0
2297,4,4,2,5,3,0
2298,4,4,2,5,4,0
2299,4,4,2,5,5,0
2300,4,4,3,1,1,0
2301,4,4,3,1,2,0
2302,4,4,3,1,3,0
2303,4,4,3,1,4,0
2304,4,4,3,1,5,0
2305,4,4,3,2,1,0
2306,4,4,3,2,2,0
2307,4,4,3,2,3,0
2308,4,4,3,2,4,0
2309,4,4,3,2,5,0
2310,4,4,3,3,1,0
2311,4,4,3,3,2,0
2312,4,4,3,3,3,0
2313,4,4,3,3,4,0
2314,4,4,3,3,5,0
2315,4,4,3,4,1,0
2316,4,4,3,4,2,0
2317,4,4,3,4,3,0
2318,4,4,3,4,4,0
2319,4,4,3,4,5,0
2320,4,4,3,5,1,0
2321,4,4,3,5,2,0
2322,4,4,3,5,3,0
2323,4,4,3,5,4,0
2324,4,4,3,5,5,0
2325,4,4,4,1,1,0
2326,4,4,4,1,2,0
2327,4,4,4,1,3,0
2328,4,4,4,1,4,0
2329,4,4,4,1,5,0
2330,4,4,4,2,1,0
2331,4,4,4,2,2,0
2332,4,4,4,2,3,0
2333,4,4,4,2,4,0
2334,4,4,4,2,5,0
2335,4,4,4,3,1,0
2336,4,4,4,3,2,0
2337,4,4,4,3,3,0
2338,4,4,4,3,4,0
2339,4,4,4,3,5,0
2340,4,4,4,4,1,0
2341,4,4,4,4,2,0
2342,4,4,4,4,3,0
2343,4,4,4,4,4,0
2344,4,4,4,4,5,0
2345,4,4,4,5,1,0
2346,4,4,4,5,2,0
2347,4,4,4,5,3,0
2348,4,4,4,5,4,0
2349,4,4,4,5,5,0
2350,4,4,5,1,1,0
2351,4,4,5,1,2,0
2352,4,4,5,1,3,0
2353,4,4,5,1,4,0
2354,4,4,5,1,5,0
2355,4,4,5,2,1,0
2356,4,4,5,2,2,0
2357,4,4,5,2,3,0
2358,4,4,5,2,4,0
2359,4,4,5,2,5,0
2360,4,4,5,3,1,0
2361,4,4,5,3,2,0
2362,4,4,5,3,3,0
2363,4,4,5,3,4,0
2364,4,4,5,3,5,0
2365,4,4,5,4,1,0
2366,4,4,5,4,2,0
2367,4,4,5,4,3,0
2368,4,4,5,4,4,0
2369,4,4,5,4,5,0
2370,4,4,5,5,1,0
2371,4,4,5,5,2,0
2372,4,4,5,5,3,0
2373,4,4,5,5,4,0
2374,4,4,5,5,5,0
2375,4,5,1,1,1,0
2376,4,5,1,1,2,0
2377,4,5,1,1,3,0
2378,4,5,1,1,4,0
2379,4,5,1,1,5,0
2380,4,5,1,2,1,0
2381,4,5,1,2,2,0
2382,4,5,1,2,3,0
2383,4,5,1,2,4,0
2384,4,5,1,2,5,0
2385,4,5,1,3,1,0
2386,4,5,1,3,2,0
2387,4,5,1,3,3,0
2388,4,5,1,3,4,0
2389,4,5,1,3,5,0
2390,4,5,1,4,1,0
2391,4,5,1,4,2,0
2392,4,5,1,4,3,0
2393,4,5,1,4,4,0
2394,4,5,1,4,5,0
2395,4,5,1,5,1,0
2396,4,5,1,5,2,0
2397,4,5,1,5,3,0
2398,4,5,1,5,4,0
2399,4,5,1,5,5,0
2400,4,5,2,1,1,0
2401,4,5,2,1,2,0
2402,4,5,2,1,3,0
2403,4,5,2,1,4,0
2404,4,5,2,1,5,0
2405,4,5,2,2,1,0
2406,4,5,2,2,2,0
2407,4,5,2,2,3,0
2408,4,5,2,2,4,0
2409,4,5,2,2,5,0
2410,4,5,2,3,1,0
2411,4,5,2,3,2,0
2412,4,5,2,3,3,0
2413,4,5,2,3,4,0
2414,4,5,2,3,5,0
2415,4,5,2,4,1,0
2416,4,5,2,4,2,0
2417,4,5,2,4,3,0
2418,4,5,2,4,4,0
2419,4,5,2,4,5,0
2420,4,5,2,5,1,0
2421,4,5,2,5,2,0
2422,4,5,2,5,3,0
2423,4,5,2,5,4,0
2424,4,5,2,5,5,0
2425,4,5,3,1,1,0
2426,4,5,3,1,2,0
2427,4,5,3,1,3,0
2428,4,5,3,1,4,0
2429,4,5,3,1,5,0
2430,4,5,3,2,1,0
2431,4,5,3,2,2,0
2432,4,5,3,2,3,0
2433,4,5,3,2,4,0
2434,4,5,3,2,5,0
2435,4,5,3,3,1,0
2436,4,5,3,3,2,0
2437,4,5,3,3,3,0
2438,4,5,3,3,4,0
2439,4,5,3,3,5,0
2440,4,5,3,4,1,0
2441,4,5,3,4,2,0
2442,4,5,3,4,3,0
2443,4,5,3,4,4,0
2444,4,5,3,4,5,0
2445,4,5,3,5,1,0
2446,4,5,3,5,2,0
2447,4,5,3,5,3,0
2448,4,5,3,5,4,0
2449,4,5,3,5,5,0
2450,4,5,4,1,1,0
2451,4,5,4,1,2,0
2452,4,5,4,1,3,0
2453,4,5,4,1,4,0
2454,4,5,4,1,5,0
2455,4,5,4,2,1,0
2456,4,5,4,2,2,0
2457,4,5,4,2,3,0
2458,4,5,4,2,4,0
2459,4,5,4,2,5,0
2460,4,5,4,3,1,0
2461,4,5,4,3,2,0
2462,4,5,4,3,3,0
2463,4,5,4,3,4,0
2464,4,5,4,3,5,0
2465,4,5,4,4,1,0
2466,4,5,4,4,2,0
2467,4,5,4,4,3,0
2468,4,5,4,4,4,0
2469,4,5,4,4,5,0
2470,4,5,4,5,1,0
2471,4,5,4,5,2,0
2472,4,5,4,5,3,0
2473,4,5,4,5,4,0
2474,4,5,4,5,5,0
2475,4,5,5,1,1,0
2476,4,5,5,1,2,0
2477,4,5,5,1,3,0
2478,4,5,5,1,4,0
2479,4,5,5,1,5,0
2480,4,5,5,2,1,0
2481,4,5,5,2,2,0
2482,4,5,5,2,3,0
2483,4,5,5,2,4,0
2484,4,5,5,2,5,0
2485,4,5,5,3,1,0
2486,4,5,5,3,2,0
2487,4,5,5,3,3,0
2488,4,5,5,3,4,0
2489,4,5,5,3,5,0
2490,4,5,5,4,1,0
2491,4,5,5,4,2,0
2492,4,5,5,4,3,0
2493,4,5,5,4,4,0
2494,4,5,5,4,5,0
2495,4,5,5,5,1,0
2496,4,5,5,5,2,0
2497,4,5,5,5,3,0
2498,4,5,5,5,4,0
2499,4,5,5,5,5,0
2500,5,1,1,1,1,0
2501,5,1,1,1,2,0
2502,5,1,1,1,3,0
2503,5,1,1,1,4,0
2504,5,1,1,1,5,0
2505,5,1,1,2,1,0
2506,5,1,1,2,2,0
2507,5,1,1,2,3,0
2508,5,1,1,2,4,0
2509,5,1,1,2,5,0
2510,5,1,1,3,1,0
2511,5,1,1,3,2,0
2512,5,1,1,3,3,0
2513,5,1,1,3,4,0
2514,5,1,1,3,5,0
2515,5,1,1,4,1,0
2516,5,1,1,4,2,0
2517,5,1,1,4,3,0
2518,5,1,1,4,4,0
2519,5,1,1,4,5,0
2520,5,1,1,5,1,0
2521,5,1,1,5,2,0
2522,5,1,1,5,3,0
2523,5,1,1,5,4,0
2524,5,1,1,5,5,0
2525,5,1,2,1,1,0
2526,5,1,2,1,2,0
2527,5,1,2,1,3,0
2528,5,1,2,1,4,0
2529,5,1,2,1,5,0
2530,5,1,2,2,1,0
2531,5,1,2,2,2,0
2532,5,1,2,2,3,0
2533,5,1,2,2,4,0
2534,5,1,2,2,5,0
2535,5,1,2,3,1,0
2536,5,1,2,3,2,0
2537,5,1,2,3,3,0
2538,5,1,2,3,4,0
2539,5,1,2,3,5,0
2540,5,1,2,4,1,0
2541,5,1,2,4,2,0
2542,5,1,2,4,3,0
2543,5,1,2,4,4,0
2544,5,1,2,4,5,0
2545,5,1,2,5,1,0
2546,5,1,2,5,2,0
2547,5,1,2,5,3,0
2548,5,1,2,5,4,0
2549,5,1,2,5,5,0
2550,5,1,3,1,1,0
2551,5,1,3,1,2,0
2552,5,1,3,1,3,0
2553,5,1,3,1,4,0
2554,5,1,3,1,5,0
2555,5,1,3,2,1,0
2556,5,1,3,2,2,0
2557,5,1,3,2,3,0
2558,5,1,3,2,4,0
2559,5,1,3,2,5,0
2560,5,1,3,3,1,0
2561,5,1,3,3,2,0
2562,5,1,3,3,3,0
2563,5,1,3,3,4,0
2564,5,1,3,3,5,0
2565,5,1,3,4,1,0
2566,5,1,3,4,2,0
2567,5,1,3,4,3,0
2568,5,1,3,4,4,0
2569,5,1,3,4,5,0
2570,5,1,3,5,1,0
2571,5,1,3,5,2,0
2572,5,1,3,5,3,0
2573,5,1,3,5,4,0
2574,5,1,3,5,5,0
2575,5,1,4,1,1,0
2576,5,1,4,1,2,0
2577,5,1,4,1,3,0
2578,5,1,4,1,4,0
2579,5,1,4,1,5,0
2580,5,1,4,2,1,0
2581,5,1,4,2,2,0
2582,5,1,4,2,3,0
2583,5,1,4,2,4,0
2584,5,1,4,2,5,0
2585,5,1,4,3,1,0
2586,5,1,4,3,2,0
2587,5,1,4,3,3,0
2588,5,1,4,3,4,0
2589,5,1,4,3,5,0
2590,5,1,4,4,1,0
2591,5,1,4,4,2,0
2592,5,1,4,4,3,0
2593,5,1,4,4,4,0
2594,5,1,4,4,5,0
2595,5,1,4,5,1,0
2596,5,1,4,5,2,0
2597,5,1,4,5,3,0
2598,5,1,4,5,4,0
2599,5,1,4,5,5,0
2600,5,1,5,1,1,0
2601,5,1,5,1,2,0
2602,5,1,5,1,3,0
2603,5,1,5,1,4,0
2604,5,1,5,1,5,0
2605,5,1,5,2,1,0
2606,5,1,5,2,2,0
2607,5,1,5,2,3,0
2608,5,1,5,2,4,0
2609,5,1,5,2,5,0
2610,5,1,5,3,1,0
2611,5,1,5,3,2,0
2612,5,1,5,3,3,0
2613,5,1,5,3,4,0
2614,5,1,5,3,5,0
2615,5,1,5,4,1,0
2616,5,1,5,4,2,0
2617,5,1,5,4,3,0
2618,5,1,5,4,4,0
2619,5,1,5,4,5,0
2620,5,1,5,5,1,0
2621,5,1,5,5,2,0
2622,5,1,5,5,3,0
2623,5,1,5,5,4,0
2624,5,1,5,5,5,0
2625,5,2,1,1,1,0
2626,5,2,1,1,2,0
2627,5,2,1,1,3,0
2628,5,2,1,1,4,0
2629,5,2,1,1,5,0
2630,5,2,1,2,1,0
2631,5,2,1,2,2,0
2632,5,2,1,2,3,0
2633,5,2,1,2,4,0
2634,5,2,1,2,5,0
2635,5,2,1,3,1,0
2636,5,2,1,3,2,0
2637,5,2,1,3,3,0
2638,5,2,1,3,4,0
2639,5,2,1,3,5,0
2640,5,2,1,4,1,0
2641,5,2,1,4,2,0
2642,5,2,1,4,3,0
2643,5,2,1,4,4,0
2644,5,2,1,4,5,0
2645,5,2,1,5,1,0
2646,5,2,1,5,2,0
2647,5,2,1,5,3,0
2648,5,2,1,5,4,0
2649,5,2,1,5,5,0
2650,5,2,2,1,1,0
2651,5,2,2,1,2,0
2652,5,2,2,1,3,0
2653,5,2,2,1,4,0
2654,5,2,2,1,5,0
2655,5,2,2,2,1,0
2656,5,2,2,2,2,0
2657,5,2,2,2,3,0
2658,5,2,2,2,4,0
2659,5,2,2,2,5,0
2660,5,2,2,3,1,0
2661,5,2,2,3,2,0
2662,5,2,2,3,3,0
2663,5,2,2,3,4,0
2664,5,2,2,3,5,0
2665,5,2,2,4,1,0
2666,5,2,2,4,2,0
2667,5,2,2,4,3,0
2668,5,2,2,4,4,0
2669,5,2,2,4,5,0
2670,5,2,2,5,1,0
2671,5,2,2,5,2,0
2672,5,2,2,5,3,0
2673,5,2,2,5,4,0
2674,5,2,2,5,5,0
2675,5,2,3,1,1,0
2676,5,2,3,1,2,0
2677,5,2,3,1,3,0
2678,5,2,3,1,4,0
2679,5,2,3,1,5,0
2680,5,2,3,2,1,0
2681,5,2,3,2,2,0
2682,5,2,3,2,3,0
2683,5,2,3,2,4,0
2684,5,2,3,2,5,0
2685,5,2,3,3,1,0
2686,5,2,3,3,2,0
2687,5,2,3,3,3,0
2688,5,2,3,3,4,0
2689,5,2,3,3,5,0
2690,5,2,3,4,1,0
2691,5,2,3,4,2,0
2692,5,2,3,4,3,0
2693,5,2,3,4,4,0
2694,5,2,3,4,5,0
2695,5,2,3,5,1,0
2696,5,2,3,5,2,0
2697,5,2,3,5,3,0
2698,5,2,3,5,4,0
2699,5,2,3,5,5,0
2700,5,2,4,1,1,0
2701,5,2,4,1,2,0
2702,5,2,4,1,3,0
2703,5,2,4,1,4,0
2704,5,2,4,1,5,0
2705,5,2,4,2,1,0
2706,5,2,4,2,2,0
2707,5,2,4,2,3,0
2708,5,2,4,2,4,0
2709,5,2,4,2,5,0
2710,5,2,4,3,1,0
2711,5,2,4,3,2,0
2712,5,2,4,3,3,0
2713,5,2,4,3,4,0
2714,5,2,4,3,5,0
2715,5,2,4,4,1,0
2716,5,2,4,4,2,0
2717,5,2,4,4,3,0
2718,5,2,4,4,4,0
2719,5,2,4,4,5,0
2720,5,2,4,5,1,0
2721,5,2,4,5,2,0
2722,5,2,4,5,3,0
2723,5,2,4,5,4,0
2724,5,2,4,5,5,0
2725,5,2,5,1,1,0
2726,5,2,5,1,2,0
2727,5,2,5,1,3,0
2728,5,2,5,1,4,0
2729,5,2,5,1,5,0
2730,5,2,5,2,1,0
2731,5,2,5,2,2,0
2732,5,2,5,2,3,0
2733,5,2,5,2,4,0
2734,5,2,5,2,5,0
2735,5,2,5,3,1,0
2736,5,2,5,3,2,0
2737,5,2,5,3,3,0
2738,5,2,5,3,4,0
2739,5,2,5,3,5,0
2740,5,2,5,4,1,0
2741,5,2,5,4,2,0
2742,5,2,5,4,3,0
2743,5,2,5,4,4,0
2744,5,2,5,4,5,0
2745,5,2,5,5,1,0
2746,5,2,5,5,2,0
2747,5,2,5,5,3,0
2748,5,2,5,5,4,0
2749,5,2,5,5,5,0
2750,5,3,1,1,1,0
2751,5,3,1,1,2,0
2752,5,3,1,1,3,0
2753,5,3,1,1,4,0
2754,5,3,1,1,5,0
2755,5,3,1,2,1,0
2756,5,3,1,2,2,0
2757,5,3,1,2,3,0
2758,5,3,1,2,4,0
2759,5,3,1,2,5,0
2760,5,3,1,3,1,0
2761,5,3,1,3,2,0
2762,5,3,1,3,3,0
2763,5,3,1,3,4,0
2764,5,3,1,3,5,0
2765,5,3,1,4,1,0
2766,5,3,1,4,2,0
2767,5,3,1,4,3,0
2768,5,3,1,4,4,0
2769,5,3,1,4,5,0
2770,5,3,1,5,1,0
2771,5,3,1,5,2,0
2772,5,3,1,5,3,0
2773,5,3,1,5,4,0
2774,5,3,1,5,5,0
2775,5,3,2,1,1,0
2776,5,3,2,1,2,0
2777,5,3,2,1,3,0
2778,5,3,2,1,4,0
2779,5,3,2,1,5,0
2780,5,3,2,2,1,0
2781,5,3,2,2,2,0
2782,5,3,2,2,3,0
2783,5,3,2,2,4,0
2784,5,3,2,2,5,0
2785,5,3,2,3,1,0
2786,5,3,2,3,2,0
2787,5,3,2,3,3,0
2788,5,3,2,3,4,0
2789,5,3,2,3,5,0
2790,5,3,2,4,1,0
2791,5,3,2,4,2,0
2792,5,3,2,4,3,0
2793,5,3,2,4,4,0
2794,5,3,2,4,5,0
2795,5,3,2,5,1,0
2796,5,3,2,5,2,0
2797,5,3,2,5,3,0
2798,5,3,2,5,4,0
2799,5,3,2,5,5,0
2800,5,3,3,1,1,0
2801,5,3,3,1,2,0
2802,5,3,3,1,3,0
2803,5,3,3,1,4,0
2804,5,3,3,1,5,0
2805,5,3,3,2,1,0
2806,5,3,3,2,2,0
2807,5,3,3,2,3,0
2808,5,3,3,2,4,0
2809,5,3,3,2,5,0
2810,5,3,3,3,1,0
2811,5,3,3,3,2,0
2812,5,3,3,3,3,0
2813,5,3,3,3,4,0
2814,5,3,3,3,5,0
2815,5,3,3,4,1,0
2816,5,3,3,4,2,0
2817,5,3,3,4,3,0
2818,5,3,3,4,4,0
2819,5,3,3,4,5,0
2820,5,3,3,5,1,0
2821,5,3,3,5,2,0
2822,5,3,3,5,3,0
2823,5,3,3,5,4,0
2824,5,3,3,5,5,0
2825,5,3,4,1,1,0
2826,5,3,4,1,2,0
2827,5,3,4,1,3,0
2828,5,3,4,1,4,0
2829,5,3,4,1,5,0
2830,5,3,4,2,1,0
2831,5,3,4,2,2,0
2832,5,3,4,2,3,0
2833,5,3,4,2,4,0
2834,5,3,4,2,5,0
2835,5,3,4,3,1,0
2836,5,3,4,3,2,0
2837,5,3,4,3,3,0
2838,5,3,4,3,4,0
2839,5,3,4,3,5,0
2840,5,3,4,4,1,0
2841,5,3,4,4,2,0
2842,5,3,4,4,3,0
2843,5,3,4,4,4,0
2844,5,3,4,4,5,0
2845,5,3,4,5,1,0
2846,5,3,4,5,2,0
2847,5,3,4,5,3,0
2848,5,3,4,5,4,0
2849,5,3,4,5,5,0
2850,5,3,5,1,1,0
2851,5,3,5,1,2,0
2852,5,3,5,1,3,0
2853,5,3,5,1,4,0
2854,5,3,5,1,5,0
2855,5,3,5,2,1,0
2856,5,3,5,2,2,0
2857,5,3,5,2,3,0
2858,5,3,5,2,4,0
2859,5,3,5,2,5,0
2860,5,3,5,3,1,0
2861,5,3,5,3,2,0
2862,5,3,5,3,3,0
2863,5,3,5,3,4,0
2864,5,3,5,3,5,0
2865,5,3,5,4,1,0
2866,5,3,5,4,2,0
2867,5,3,5,4,3,0
2868,5,3,5,4,4,0
2869,5,3,5,4,5,0
2870,5,3,5,5,1,0
2871,5,3,5,5,2,0
2872,5,3,5,5,3,0
2873,5,3,5,5,4,0
2874,5,3,5,5,5,0
2875,5,4,1,1,1,0
2876,5,4,1,1,2,0
2877,5,4,1,1,3,0
2878,5,4,1,1,4,0
2879,5,4,1,1,5,0
2880,5,4,1,2,1,0
2881,5,4,1,2,2,0
2882,5,4,1,2,3,0
2883,5,4,1,2,4,0
2884,5,4,1,2,5,0
2885,5,4,1,3,1,0
2886,5,4,1,3,2,0
2887,5,4,1,3,3,0
2888,5,4,1,3,4,0
2889,5,4,1,3,5,0
2890,5,4,1,4,1,0
2891,5,4,1,4,2,0
2892,5,4,1,4,3,0
2893,5,4,1,4,4,0
2894,5,4,1,4,5,0
2895,5,4,1,5,1,0
2896,5,4,1,5,2,0
2897,5,4,1,5,3,0
2898,5,4,1,5,4,0
2899,5,4,1,5,5,0
2900,5,4,2,1,1,0
2901,5,4,2,1,2,0
2902,5,4,2,1,3,0
2903,5,4,2,1,4,0
2904,5,4,2,1,5,0
2905,5,4,2,2,1,0
2906,5,4,2,2,2,0
2907,5,4,2,2,3,0
2908,5,4,2,2,4,0
2909,5,4,2,2,5,0
2910,5,4,2,3,1,0
2911,5,4,2,3,2,0
2912,5,4,2,3,3,0
2913,5,4,2,3,4,0
2914,5,4,2,3,5,0
2915,5,4,2,4,1,0
2916,5,4,2,4,2,0
2917,5,4,2,4,3,0
2918,5,4,2,4,4,0
2919,5,4,2,4,5,0
2920,5,4,2,5,1,0
2921,5,4,2,5,2,0
2922,5,4,2,5,3,0
2923,5,4,2,5,4,0
2924,5,4,2,5,5,0
2925,5,4,3,1,1,0
2926,5,4,3,1,2,0
2927,5,4,3,1,3,0
2928,5,4,3,1,4,0
2929,5,4,3,1,5,0
2930,5,4,3,2,1,0
2931,5,4,3,2,2,0
2932,5,4,3,2,3,0
2933,5,4,3,2,4,0
2934,5,4,3,2,5,0
2935,5,4,3,3,1,0
2936,5,4,3,3,2,0
2937,5,4,3,3,3,0
2938,5,4,3,3,4,0
2939,5,4,3,3,5,0
2940,5,4,3,4,1,0
2941,5,4,3,4,2,0
2942,5,4,3,4,3,0
2943,5,4,3,4,4,0
2944,5,4,3,4,5,0
2945,5,4,3,5,1,0
2946,5,4,3,5,2,0
2947,5,4,3,5,3,0
2948,5,4,3,5,4,0
2949,5,4,3,5,5,0
2950,5,4,4,1,1,0
2951,5,4,4,1,2,0
2952,5,4,4,1,3,0
2953,5,4,4,1,4,0
2954,5,4,4,1,5,0
2955,5,4,4,2,1,0
2956,5,4,4,2,2,0
2957,5,4,4,2,3,0
2958,5,4,4,2,4,0
2959,5,4,4,2,5,0
2960,5,4,4,3,1,0
2961,5,4,4,3,2,0
2962,5,4,4,3,3,0
2963,5,4,4,3,4,0
2964,5,4,4,3,5,0
2965,5,4,4,4,1,0
2966,5,4,4,4,2,0
2967,5,4,4,4,3,0
2968,5,4,4,4,4,0
2969,5,4,4,4,5,0
2970,5,4,4,5,1,0
2971,5,4,4,5,2,0
2972,5,4,4,5,3,0
2973,5,4,4,5,4,0
2974,5,4,4,5,5,0
2975,5,4,5,1,1,0
2976,5,4,5,1,2,0
2977,5,4,5,1,3,0
2978,5,4,5,1,4,0
2979,5,4,5,1,5,0
2980,5,4,5,2,1,0
2981,5,4,5,2,2,0
2982,5,4,5,2,3,0
2983,5,4,5,2,4,0
2984,5,4,5,2,5,0
2985,5,4,5,3,1,0
2986,5,4,5,3,2,0
2987,5,4,5,3,3,0
2988,5,4,5,3,4,0
2989,5,4,5,3,5,0
2990,5,4,5,4,1,0
2991,5,4,5,4,2,0
2992,5,4,5,4,3,0
2993,5,4,5,4,4,0
2994,5,4,5,4,5,0
2995,5,4,5,5,1,0
2996,5,4,5,5,2,0
2997,5,4,5,5,3,0
2998,5,4,5,5,4,0
2999,5,4,5,5,5,0
3000,5,5,1,1,1,0
3001,5,5,1,1,2,0
3002,5,5,1,1,3,0
3003,5,5,1,1,4,0
3004,5,5,1,1,5,0
3005,5,5,1,2,1,0
3006,5,5,1,2,2,0
3007,5,5,1,2,3,0
3008,5,5,1,2,4,0
3009,5,5,1,2,5,0
3010,5,5,1,3,1,0
3011,5,5,1,3,2,0
3012,5,5,1,3,3,0
3013,5,5,1,3,4,0
3014,5,5,1,3,5,0
3015,5,5,1,4,1,0
3016,5,5,1,4,2,0
3017,5,5,1,4,3,0
3018,5,5,1,4,4,0
3019,5,5,1,4,5,0
3020,5,5,1,5,1,0
3021,5,5,1,5,2,0
3022,5,5,1,5,3,0
3023,5,5,1,5,4,0
3024,5,5,1,5,5,0
3025,5,5,2,1,1,0
3026,5,5,2,1,2,0
3027,5,5,2,1,3,0
3028,5,5,2,1,4,0
3029,5,5,2,1,5,0
3030,5,5,2,2,1,0
3031,5,5,2,2,2,0
3032,5,5,2,2,3,0
3033,5,5,2,2,4,0
3034,5,5,2,2,5,0
3035,5,5,2,3,1,0
3036,5,5,2,3,2,0
3037,5,5,2,3,3,0
3038,5,5,2,3,4,0
3039,5,5,2,3,5,0
3040,5,5,2,4,1,0
3041,5,5,2,4,2,0
3042,5,5,2,4,3,0
3043,5,5,2,4,4,0
3044,5,5,2,4,5,0
3045,5,5,2,5,1,0
3046,5,5,2,5,2,0
3047,5,5,2,5,3,0
3048,5,5,2,5,4,0
3049,5,5,2,5,5,0
3050,5,5,3,1,1,0
3051,5,5,3,1,2,0
3052,5,5,3,1,3,0
3053,5,5,3,1,4,0
3054,5,5,3,1,5,0
3055,5,5,3,2,1,0
3056,5,5,3,2,2,0
3057,5,5,3,2,3,0
3058,5,5,3,2,4,0
3059,5,5,3,2,5,0
3060,5,5,3,3,1,0
3061,5,5,3,3,2,0
3062,5,5,3,3,3,0
3063,5,5,3,3,4,0
3064,5,5,3,3,5,0
3065,5,5,3,4,1,0
3066,5,5,3,4,2,0
3067,5,5,3,4,3,0
3068,5,5,3,4,4,0
3069,5,5,3,4,5,0
3070,5,5,3,5,1,0
3071,5,5,3,5,2,0
3072,5,5,3,5,3,0
3073,5,5,3,5,4,0
3074,5,5,3,5,5,0
3075,5,5,4,1,1,0
3076,5,5,4,1,2,0
3077,5,5,4,1,3,0
3078,5,5,4,1,4,0
3079,5,5,4,1,5,0
3080,5,5,4,2,1,0
3081,5,5,4,2,2,0
3082,5,5,4,2,3,0
3083,5,5,4,2,4,0
3084,5,5,4,2,5,0
3085,5,5,4,3,1,0
3086,5,5,4,3,2,0
3087,5,5,4,3,3,0
3088,5,5,4,3,4,0
3089,5,5,4,3,5,0
3090,5,5,4,4,1,0
3091,5,5,4,4,2,0
3092,5,5,4,4,3,0
3093,5,5,4,4,4,0
3094,5,5,4,4,5,0
3095,5,5,4,5,1,0
3096,5,5,4,5,2,0
3097,5,5,4,5,3,0
3098,5,5,4,5,4,0
3099,5,5,4,5,5,0
3100,5,5,5,1,1,0
3101,5,5,5,1,2,0
3102,5,5,5,1,3,0
3103,5,5,5,1,4,0
3104,5,5,5,1,5,0
3105,5,5,5,2,1,0
3106,5,5,5,2,2,0
3107,5,5,5,2,3,0
3108,5,5,5,2,4,0
3109,5,5,5,2,5,0
3110,5,5,5,3,1,0
3111,5,5,5,3,2,0
3112,5,5,5,3,3,0
3113,5,5,5,3,4,0
3114,5,5,5,3,5,0
3115,5,5,5,4,1,0
3116,5,5,5,4,2,0
3117,5,5,5,4,3,0
3118,5,5,5,4,4,0
3119,5,5,5,4,5,0
3120,5,5,5,5,1,0
3121,5,5,5,5,2,0
3122,5,5,5,5,3,0
3123,5,5,5,5,4,0
3124,5,5,5,5,5,0
